ammoSet,label,similarTo,source,nAmmo,baseAmmo,damage,damageDef,apSharp,apBlunt,speed,pellets,spreadMult,nWeapons,weapons
AmmoSet_100x695mmRCannonShell,100x695mmR cannon shells,AmmoSet_HeavyCannon,CombatExtended,2,Ammo_100x695mmRCannonShell_HE,209,Bomb,,,165,,,0,
AmmoSet_105mmHowitzerShell,105mm howitzer shells,AmmoSet_ArtilleryShell,CombatExtended,6,Ammo_105mmHowitzerShell_Anti,800,BombSuper,,,0,,,0,
AmmoSet_105mmHowitzerShell_directfire,105mm howitzer shells,AmmoSet_ArtilleryShell,CombatExtended,5,Ammo_105mmHowitzerShell_EMP,216,EMP,0,0,147,,,0,
AmmoSet_105x607mmRShell,105x607mmR recoilless rifle shells,AmmoSet_HeavyCannon,CombatExtended,2,Ammo_105x607mmRShell_HE,331,Bomb,,,107,,,0,
AmmoSet_105x617mmRCannonShell,105x617mmR shells,AmmoSet_HeavyCannon,CombatExtended,2,Ammo_105x617mmRCannonShell_HE,199,Bomb,,,134,,,0,
AmmoSet_10Gauge,10 Gauge,AmmoSet_Shotgun,CombatExtended,4,Ammo_10Gauge_Beanbag,12,Beanbag,0,6.04,30,,2,0,
AmmoSet_10Gauge_Slug,10 Gauge,AmmoSet_Shotgun,CombatExtended,3,Ammo_10Gauge_Beanbag,12,Beanbag,0,6.04,30,,2,0,
AmmoSet_10mmAuto,10mm Auto,AmmoSet_Pistol,CombatExtended,3,Ammo_10mmAuto_FMJ,14,Bullet,4,19.2,90,,,0,
AmmoSet_10x18mmCharged,10x18mm Charged,AmmoSet_ChargedPistol,CombatExtended,3,Ammo_10x18mmCharged,15,Bullet,12,22.56,102,,,0,
AmmoSet_120mmCannonShell,120x570mmR cannon shells,AmmoSet_HeavyCannon,CombatExtended,2,Ammo_120mmCannonShell_HE,315,Bomb,,,229,,,0,
AmmoSet_120mmMortarShell,120mm mortar shells,,CombatExtended,6,Shell_120mmMortar_EMP,237,EMP,,,0,,,0,
AmmoSet_127x108mm,12.7x108mm Soviet,AmmoSet_AntiMateriel,CombatExtended,5,Ammo_127x108mm_FMJ,42,Bullet,14,357.22,159,,,0,
AmmoSet_127x40mmUNSC,12.7x40mm,,CombatExtended,3,Ammo_127x40mm_FMJ,19,Bullet,9,38.48,105,,,0,
AmmoSet_127x40mmUNSCLight,12.7x40mm,,CombatExtended,3,Ammo_127x40mm_FMJ,17,Bullet,8,32.48,105,,,0,
AmmoSet_127x55mm,12.7x55mm,AmmoSet_RifleMagnum,CombatExtended,6,Ammo_127x55mm_FMJ,21,Bullet,7,51.34,72,,,0,
AmmoSet_127x99mm,12.7x99mm,,CombatExtended,4,Ammo_127x99mm_FMJ,40,Bullet,18,356.38,163,,,0,
AmmoSet_12Gauge,12 Gauge,AmmoSet_Shotgun,CombatExtended,4,Ammo_12Gauge_Beanbag,8,Bullet,4,4.52,83,9,8.9,2,Gun_ChainShotgun;Gun_PumpShotgun
AmmoSet_12GaugeCharged,12 Gauge Charged,AmmoSet_ChargedShotgun,CombatExtended,3,Ammo_12GaugeCharged,10,Bullet,10,14.4,122,6,8.9,0,
AmmoSet_12Gauge_SB,12 Gauge,AmmoSet_Shotgun,CombatExtended,4,Ammo_12Gauge_Beanbag,8,Beanbag,0,2.26,26,,2,0,
AmmoSet_12Gauge_Slug,12 Gauge,AmmoSet_Shotgun,CombatExtended,3,Ammo_12Gauge_Beanbag,9,Beanbag,0,3.24,30,,2,0,
AmmoSet_12mmRailgun,12mm Railgun,,CombatExtended,1,Ammo_12mmRailgun_Sabot,73,Bullet,130,7250,354,,,0,
AmmoSet_12x64mmCharged,12x64mm Charged,AmmoSet_MechCharged,CombatExtended,1,Ammo_12x64mmCharged,39,Bullet,30,324,165,,,2,Gun_ChargeBlasterHeavy;Gun_ChargeBlasterHeavyTurret
AmmoSet_12x72mmCharged,12x72mm Charged,AmmoSet_ChargedHeavy,CombatExtended,3,Ammo_12x72mmCharged,39,Bullet,30,324,165,,,0,
AmmoSet_130mmType63,130mm Type 63 Rockets,,CombatExtended,1,Ammo_130mmType63_HE,254,Bomb,,,96,,,0,
AmmoSet_132mmM13,132mm M13 Rockets,,CombatExtended,1,Ammo_132mmM13_HE,337,Bomb,,,81,,,0,
AmmoSet_132x92mmSRTuF,13.2x92mmSR TuF,AmmoSet_AntiMateriel,CombatExtended,5,Ammo_132x92mmSRTuF_FMJ,40,Bullet,13,317.36,149,,,0,
AmmoSet_13mmGyrojet,13mm Gyrojet,AmmoSet_Pistol,CombatExtended,3,Ammo_13mmGyrojet_FMJ,12,Bullet,3,10.2,68,,,0,
AmmoSet_145x114mm,14.5x114mm,AmmoSet_AntiMateriel,CombatExtended,5,Ammo_145x114mm_FMJ,53,Bullet,18,634,178,,,2,Gun_HeavyTurret;Gun_KPV
AmmoSet_145x114mmUNSC,14.5x114mmUNSC,,CombatExtended,4,Ammo_145x114mmUNSC_FMJ,52,Bullet,24,678,178,,,0,
AmmoSet_152mmHowitzerShell,152mm howitzer shells,AmmoSet_ArtilleryShell,CombatExtended,5,Ammo_152mmHowitzerShell_EMP,478,EMP,,,0,,,0,
AmmoSet_152mmHowitzerShell_directfire,152mm howitzer shells,,CombatExtended,5,Ammo_152mmHowitzerShell_EMP,478,EMP,,,152,,,0,
AmmoSet_152x169mm,15.2x169mm,AmmoSet_AntiMateriel,CombatExtended,1,Ammo_152x169mm_Sabot,26,Bullet,60,420.5,235,,,0,
AmmoSet_155mmHowitzerShell,155mm howitzer shells,AmmoSet_ArtilleryShell,CombatExtended,6,Ammo_155mmHowitzerShell_Anti,1310,BombSuper,,,0,,,0,
AmmoSet_155mmHowitzerShell_directfire,155mm howitzer shells,,CombatExtended,4,Ammo_155mmHowitzerShell_EMP,452,EMP,,,155,,,0,
AmmoSet_15cmNebelwerfer,15cm Nebelwerfer Rockets,,CombatExtended,1,Ammo_15cmNebelwerfer_HE,228,Bomb,,,0,,,0,
AmmoSet_15x65mmDiffusingCharged,15x65mm Diffusing Charged,AmmoSet_ChargedShotgun,CombatExtended,1,Ammo_15x65mmDiffusingCharged,22,Bullet,8,50.46,119,5,8.9,0,
AmmoSet_164x284mmDemo,164x284mm Demolition Shell,AmmoSet_MechShell_Demo,CombatExtended,1,Ammo_164x284mmDemo,40,Thump,0,0,61,,,1,Gun_ThumpCannon
AmmoSet_16Gauge,16 Gauge,AmmoSet_Shotgun,CombatExtended,4,Ammo_16Gauge_Beanbag,8,Beanbag,0,2.76,30,,2,0,
AmmoSet_16Gauge_Slug,16 Gauge,AmmoSet_Shotgun,CombatExtended,3,Ammo_16Gauge_Beanbag,8,Beanbag,0,2.76,30,,2,0,
AmmoSet_16x65mm,16x65mm,,CombatExtended,1,Ammo_16x65mm_HE,72,Bullet,300,920.88,406,,,0,
AmmoSet_17HMR,.17 HMR,AmmoSet_Rifle,CombatExtended,3,Ammo_17HMR_FMJ,7,Bullet,3,6.44,146,,,0,
AmmoSet_20Gauge,20 Gauge,AmmoSet_Shotgun,CombatExtended,4,Ammo_20Gauge_Beanbag,8,Beanbag,,2.18,30,,2,0,
AmmoSet_20Gauge_Slug,20 Gauge,AmmoSet_Shotgun,CombatExtended,3,Ammo_20Gauge_Beanbag,8,Beanbag,,2.18,30,,2,0,
AmmoSet_20mmFliegerfaust,20mm Fliegerfaust,,CombatExtended,1,Ammo_20mmFliegerfaust_HE,16,Bomb,,,81,,,0,
AmmoSet_20x102mmNATO,20x102mm NATO,AmmoSet_Autocannon,CombatExtended,4,Ammo_20x102mmNATO_AP,44,Bullet,30,1029.08,182,,,1,Gun_AutocannonTurret
AmmoSet_20x105mmCharged,20x105mm Charged,AmmoSet_ChargedHeavy,CombatExtended,3,Ammo_20x105mmCharged,74,Bullet,40,1210,192,,,0,
AmmoSet_20x110mmHispano,20x110mm Hispano,AmmoSet_Autocannon,CombatExtended,4,Ammo_20x110mmHispano_AP,41,Bullet,28,869.04,157,,,0,
AmmoSet_20x128mmOerlikon,20x128mm Oerlikon,AmmoSet_Autocannon,CombatExtended,4,Ammo_20x128mmOerlikon_AP,47,Bullet,36,1280.12,183,,,0,
AmmoSet_20x138mmB,20x138mmB,AmmoSet_Autocannon,CombatExtended,4,Ammo_20x138mmB_AP,43,Bullet,34,972,165,,,0,
AmmoSet_20x139mm,20x139mm,AmmoSet_Autocannon,CombatExtended,4,Ammo_20x139mm_AP,48,Bullet,38,1345.06,185,,,0,
AmmoSet_20x42mmGrenade,20x42mm Grenades,AmmoSet_LauncherGrenade,CombatExtended,6,Ammo_20x42mmGrenade_EMP,18,EMP,,,74,,,0,
AmmoSet_20x82mmMauser,20x82mm Mauser,AmmoSet_Autocannon,CombatExtended,4,Ammo_20x82mmMauser_AP,36,Bullet,26,570.24,139,,,0,
AmmoSet_20x99mmRShVAK,20x99mmR ShVAK,AmmoSet_Autocannon,CombatExtended,4,Ammo_20x99mmRShVAK_AP,35,Bullet,27,540,144,,,0,
AmmoSet_22Hornet,.22 Hornet,AmmoSet_Rifle,CombatExtended,3,Ammo_22Hornet_FMJ,12,Bullet,3.5,20.09,158,,,0,
AmmoSet_22LR,.22 LR,AmmoSet_Pistol,CombatExtended,3,Ammo_22LR_FMJ,7,Bullet,3,4.06,97,,,0,
AmmoSet_22Short,.22 Short,AmmoSet_Pistol,CombatExtended,3,Ammo_22Short_FMJ,4,Bullet,1,1.18,63,,,0,
AmmoSet_22WMR,.22 WMR,AmmoSet_Rifle,CombatExtended,3,Ammo_22WMR_FMJ,9,Bullet,3.5,8.5,117,,,0,
AmmoSet_23x115mm,23x115mm,AmmoSet_Autocannon,CombatExtended,4,Ammo_23x115mm_AP,44,Bullet,29,894.64,139,,,0,
AmmoSet_23x152mmB,23x152mmB,AmmoSet_Autocannon,CombatExtended,4,Ammo_23x152mmB_AP,56,Bullet,45,1787.72,174,,,0,
AmmoSet_23x75mmR,23x75mmR,AmmoSet_Shotgun,CombatExtended,4,Ammo_23x75mmR_Beanbag,13,Beanbag,,7.38,30,,2,0,
AmmoSet_23x75mmR_Slug,23x75mmR,AmmoSet_Shotgun,CombatExtended,3,Ammo_23x75mmR_Beanbag,13,Beanbag,,7.38,30,,2,0,
AmmoSet_243Winchester,.243 Winchester,AmmoSet_Rifle,CombatExtended,6,Ammo_243Winchester_FMJ,16,Bullet,6.5,50.7,199,,,0,
AmmoSet_25ACP,.25 ACP,AmmoSet_Pistol,CombatExtended,3,Ammo_25ACP_FMJ,5,Bullet,2.5,1.58,60,,,0,
AmmoSet_25x137mmNATO,25x137mm NATO,AmmoSet_Autocannon,CombatExtended,4,Ammo_25x137mmNATO_AP,62,Bullet,56,2238.5,192,,,0,
AmmoSet_25x40mmGrenade,25x40mm Grenades,AmmoSet_LauncherGrenade,CombatExtended,4,Ammo_25x40mmGrenade_EMP,18,EMP,,,56,,,0,
AmmoSet_25x59mmGrenade,25x59mm Grenades,AmmoSet_LauncherGrenade,CombatExtended,5,Ammo_25x59mmGrenade_EMP,19,EMP,,,94,,,0,
AmmoSet_277Fury,.277 Fury,AmmoSet_Rifle,CombatExtended,6,Ammo_277Fury_FMJ,19,Bullet,7.5,73.1,167,,,0,
AmmoSet_27x145mmMauser,27x145mm Mauser,AmmoSet_Autocannon,CombatExtended,4,Ammo_27x145mmMauser_AP,72,Bullet,60,3146,192,,,0,
AmmoSet_280British,.280 British,AmmoSet_Rifle,CombatExtended,6,Ammo_280British_FMJ,18,Bullet,6,54.76,148,,,0,
AmmoSet_28cmSpgrShell,28cm Spgr. shells,AmmoSet_HeavyCannon,CombatExtended,1,Ammo_28cmSpgrShell_HE,837,Bomb,,,163,,,0,
AmmoSet_2Bore,2-Bore,AmmoSet_AntiMateriel,CombatExtended,5,Ammo_2Bore_FMJ,57,Bullet,12,345.26,88,,,0,
AmmoSet_3006Springfield,.30-06 Springfield,AmmoSet_Rifle,CombatExtended,6,Ammo_3006Springfield_FMJ,21,Bullet,8,79.22,163,,,0,
AmmoSet_300AACBlackout,.300 AAC Blackout,AmmoSet_RifleIntermediate,CombatExtended,6,Ammo_300AACBlackout_FMJ,16,Bullet,5.5,36.46,133,,,0,
AmmoSet_300WinchesterMagnum,.300 Winchester Magnum,AmmoSet_RifleMagnum,CombatExtended,5,Ammo_300WinchesterMagnum_FMJ,23,Bullet,10,107,178,,,0,
AmmoSet_3030Winchester,.30-30 Winchester,AmmoSet_Rifle,CombatExtended,6,Ammo_3030Winchester_FMJ,18,Bullet,5,52.18,138,,,0,
AmmoSet_3030Winchester_SB,.30-30 Winchester,AmmoSet_Rifle,CombatExtended,6,Ammo_3030Winchester_FMJ,16,Bullet,4,38.52,123,,,0,
AmmoSet_303British,.303 British,AmmoSet_Rifle,CombatExtended,6,Ammo_303British_FMJ,20,Bullet,6.5,67,147,,,2,Gun_BoltActionRifle;Gun_LMG
AmmoSet_303British_SB,.303 British,AmmoSet_Rifle,CombatExtended,6,Ammo_303British_FMJ,18,Bullet,6,53.8,135,,,0,
AmmoSet_30Carbine,.30 Carbine,AmmoSet_RifleIntermediate,CombatExtended,6,Ammo_30Carbine_FMJ,14,Bullet,5,25.74,123,,,0,
AmmoSet_30Carbine_SB,.30 Carbine,AmmoSet_RifleIntermediate,CombatExtended,6,Ammo_30Carbine_FMJ,12,Bullet,4,18.78,109,,,0,
AmmoSet_30x113mm,30x113mm,AmmoSet_Autocannon,CombatExtended,4,Ammo_30x113mmB_AP,61,Bullet,40,1804.28,152,,,0,
AmmoSet_30x113mmB,30x113mmB,AmmoSet_Autocannon,CombatExtended,9,Ammo_30x113mmBGrenade_EMP,22,EMP,,,152,,,0,
AmmoSet_30x165mm,30x165mm,AmmoSet_Autocannon,CombatExtended,4,Ammo_30x165mm_AP,74,Bullet,57,3159,165,,,0,
AmmoSet_30x170mm,30x170mm,AmmoSet_Autocannon,CombatExtended,4,Ammo_30x170mm_AP,82,Bullet,72,4199.04,189,,,0,
AmmoSet_30x173mmNATO,30x173mm NATO,AmmoSet_Autocannon,CombatExtended,4,Ammo_30x173mmNATO_AP,80,Bullet,70,3849.48,181,,,0,
AmmoSet_30x29mmGrenade,30x29mm Grenades,AmmoSet_LauncherGrenade,CombatExtended,5,Ammo_30x29mmGrenade_EMP,22,Bomb,,,51,,,1,Gun_AGSThirty
AmmoSet_30x64mmFuel,30x64mm Fuel Cell,,CombatExtended,3,Ammo_30x64mmFuel_Foam,10,PrometheumFlame,,,54,,,1,Gun_IncendiaryLauncher
AmmoSet_32ACP,.32 ACP,AmmoSet_Pistol,CombatExtended,3,Ammo_32ACP_FMJ,8,Bullet,3,4.6,76,,,0,
AmmoSet_338Lapua,.338 Lapua Magnum,AmmoSet_RifleMagnum,CombatExtended,5,Ammo_338Lapua_FMJ,26,Bullet,11,134.16,166,,,0,
AmmoSet_338Norma,.338 Norma Magnum,AmmoSet_RifleMagnum,CombatExtended,5,Ammo_338Norma_FMJ,25,Bullet,11,126.66,152,,,0,
AmmoSet_357Magnum,.357 Magnum,AmmoSet_PistolMagnum,CombatExtended,3,Ammo_357Magnum_FMJ,13,Bullet,6,18.6,94,,,0,
AmmoSet_357Magnum_HV,.357 Magnum,AmmoSet_PistolMagnum,CombatExtended,3,Ammo_357Magnum_FMJ,15,Bullet,7.3,27.58,109,,,0,
AmmoSet_357Magnum_Lever,.357 Magnum/.38 Special,AmmoSet_PistolMagnum,CombatExtended,6,Ammo_357Magnum_FMJ,15,Bullet,7.3,27.58,109,,,0,
AmmoSet_357Magnum_Revolver,.357 Magnum/.38 Special,AmmoSet_PistolMagnum,CombatExtended,6,Ammo_357Magnum_FMJ,13,Bullet,6,18.6,94,,,0,
AmmoSet_357SIG,.357 SIG,AmmoSet_Pistol,CombatExtended,3,Ammo_357SIG_FMJ,12,Bullet,4.5,13.62,92,,,0,
AmmoSet_35x228mm,35x228mm NATO,AmmoSet_Autocannon,CombatExtended,4,Ammo_35x228mmNATO_AP,106,Bullet,80,7593.44,201,,,0,
AmmoSet_35x32mmSRGrenade,35x32mmSR Grenades,AmmoSet_LauncherGrenade,CombatExtended,4,Ammo_35x32mmSRGrenade_EMP,20,EMP,,,52,,,0,
AmmoSet_37x223mmR,37x223mmR,AmmoSet_LightCannon,CombatExtended,2,Ammo_37x223mmR_AP,82,Bullet,71,3398.44,125,,,0,
AmmoSet_380ACP,.380 ACP,AmmoSet_Pistol,CombatExtended,3,Ammo_380ACP_FMJ,9,Bullet,3,5.4,73,,,0,
AmmoSet_3855Winchester,.38-55 Winchester,AmmoSet_Rifle,CombatExtended,6,Ammo_3855Winchester_FMJ,20,Bullet,5.5,57.44,120,,,0,
AmmoSet_38ACP,.38 ACP,AmmoSet_Pistol,CombatExtended,3,Ammo_38ACP_FMJ,10,Bullet,3.5,8.58,81,,,0,
AmmoSet_38SW,.38 S&W,AmmoSet_Pistol,CombatExtended,3,Ammo_38SW_FMJ,9,Bullet,3,5.58,60,,,0,
AmmoSet_38Special,.38 Special,AmmoSet_Pistol,CombatExtended,3,Ammo_38Special_FMJ,9,Bullet,3.5,6.94,67,,,0,
AmmoSet_38Super,.38 Super,AmmoSet_Pistol,CombatExtended,3,Ammo_38Super_FMJ,12,Bullet,4,14.84,95,,,0,
AmmoSet_408CheyenneTactical,.408 Cheyenne Tactical,AmmoSet_RifleMagnum,CombatExtended,5,Ammo_408CheyenneTactical_FMJ,34,Bullet,12,242,192,,,0,
AmmoSet_40SW,.40 SW,AmmoSet_Pistol,CombatExtended,3,Ammo_40SW_FMJ,12,Bullet,4,12.36,80,,,0,
AmmoSet_40mmGrenade,40x46mm Grenades,,CombatExtended,4,Ammo_40mmGrenade_UNSCHEDP,48,Bullet,50,31.584,33,,,0,
AmmoSet_40x311mmR,40x311mmR,AmmoSet_Autocannon,CombatExtended,4,Ammo_40x311mmR_AP,105,Bullet,70,6502.5,158,,,1,Gun_TurretSniper
AmmoSet_40x365mmBofors,40x365mm Bofors,AmmoSet_LightCannon,CombatExtended,4,Ammo_40x365mmBofors_AP,122,Bullet,100,10007.44,181,,,0,
AmmoSet_40x46mmGrenade,40x46mm Grenades,AmmoSet_LauncherGrenade,CombatExtended,6,Ammo_40x46mmGrenade_EMP,22,Bomb,,,27,,,1,CE_GrenadeLauncher
AmmoSet_40x46mmOnlyEMP,40x46mm Grenades,AmmoSet_LauncherGrenade,CombatExtended,1,Ammo_40x46mmGrenade_EMP,22,EMP,,,27,,,0,
AmmoSet_40x47mmGrenade,40x47mm Grenades,AmmoSet_LauncherGrenade,CombatExtended,3,Ammo_40x47mmGrenade_EMP,22,EMP,,,26,,,0,
AmmoSet_40x53mmGrenade,40x53mm Grenades,AmmoSet_LauncherGrenade,CombatExtended,5,Ammo_40x53mmGrenade_EMP,23,EMP,,,62,,,0,
AmmoSet_40x53mmVOG25Grenade,40x53mm VOG-25 Grenades,AmmoSet_LauncherGrenade,CombatExtended,4,Ammo_40x53mmVOG25Grenade_EMP,26,EMP,,,26,,,0,
AmmoSet_410Bore,.410 bore,AmmoSet_Shotgun,CombatExtended,4,Ammo_410Bore_Beanbag,9,Bullet,3,6.3,85,4,8.9,1,Gun_MiniShotgun
AmmoSet_410Bore_SB,.410 bore,AmmoSet_RevolverShotgun,CombatExtended,4,Ammo_410Bore_Beanbag,4,Beanbag,0,0.44,23,,2,0,
AmmoSet_410Bore_Slug,.410 bore,AmmoSet_Shotgun,CombatExtended,3,Ammo_410Bore_Beanbag,5,Beanbag,0,0.86,30,,2,0,
AmmoSet_41Rimfire,.41 Rimfire,AmmoSet_Pistol,CombatExtended,3,Ammo_41Rimfire_FMJ,6,Bullet,1,1.36,39,,,0,
AmmoSet_44-40Winchester,.44-40 Winchester,AmmoSet_RifleIntermediate,CombatExtended,6,Ammo_44-40Winchester_FMJ,16,Bullet,5,28.6,101,,,0,
AmmoSet_44-40Winchester_SB,.44-40 Winchester,AmmoSet_RifleIntermediate,CombatExtended,6,Ammo_44-40Winchester_FMJ,12,Bullet,3.5,11.7,73,,,0,
AmmoSet_44Magnum,.44 Magnum,AmmoSet_PistolMagnum,CombatExtended,3,Ammo_44Magnum_FMJ,15,Bullet,6,23.28,88,,,1,Gun_Revolver
AmmoSet_44Magnum_HV,.44 Magnum,AmmoSet_PistolMagnum,CombatExtended,3,Ammo_44Magnum_FMJ,19,Bullet,7,47.04,114,,,0,
AmmoSet_44Magnum_Lever,.44 Magnum/.44 Special,AmmoSet_PistolMagnum,CombatExtended,6,Ammo_44Magnum_FMJ,19,Bullet,7,47.04,114,,,0,
AmmoSet_44Magnum_Revolver,.44 Magnum/.44 Special,AmmoSet_PistolMagnum,CombatExtended,6,Ammo_44Magnum_FMJ,15,Bullet,6,23.28,88,,,0,
AmmoSet_44SWSpecial,.44 Special,AmmoSet_Pistol,CombatExtended,3,Ammo_44SWSpecial_FMJ,11,Bullet,3,9.48,67,,,0,
AmmoSet_454Casull,.454 Casull/.45 Colt,AmmoSet_PistolMagnum,CombatExtended,6,Ammo_454Casull_FMJ,20,Bullet,7,48.66,100,,,0,
AmmoSet_454Casull410Bore,.454 Casull/.45 Colt/.410 bore,AmmoSet_RevolverShotgun,CombatExtended,10,Ammo_454Casull_FMJ,20,Bullet,7,48.66,100,,,0,
AmmoSet_455Webley,.455 Webley,AmmoSet_Pistol,CombatExtended,3,Ammo_455Webley_FMJ,9,Bullet,2,5.5,50,,,0,
AmmoSet_4570Gov,.45-70 Government,AmmoSet_Rifle,CombatExtended,6,Ammo_4570Gov_FMJ,20,Bullet,6,47.32,94,,,0,
AmmoSet_4570Gov_SB,.45-70 Government,AmmoSet_Rifle,CombatExtended,6,Ammo_4570Gov_FMJ,16,Bullet,4,24.06,73,,,0,
AmmoSet_458SOCOM,.458 SOCOM,AmmoSet_Rifle,CombatExtended,6,Ammo_458SOCOM_FMJ,22,Bullet,6.5,65.26,119,,,0,
AmmoSet_45ACP,.45 ACP,AmmoSet_Pistol,CombatExtended,3,Ammo_45ACP_FMJ,12,Bullet,3.5,10.86,67,,,3,Gun_Autopistol;Gun_HeavySMG;Gun_MachinePistol
AmmoSet_45ACP410Bore_SB,.45 ACP/.410 bore,AmmoSet_RevolverShotgun,CombatExtended,7,Ammo_45ACP_FMJ,12,Bullet,3.5,10.86,67,,,0,
AmmoSet_45Colt,.45 Colt,AmmoSet_Pistol,CombatExtended,3,Ammo_45Colt_FMJ,12,Bullet,3.5,11.44,69,,,0,
AmmoSet_45Colt410Bore,.45 Colt/.410 bore,AmmoSet_RevolverShotgun,CombatExtended,7,Ammo_45Colt_FMJ,16,Bullet,4,26.58,94,,,0,
AmmoSet_45Colt410Bore_SB,.45 Colt/.410 bore,AmmoSet_RevolverShotgun,CombatExtended,7,Ammo_45Colt_FMJ,12,Bullet,3.5,11.44,69,,,0,
AmmoSet_45Colt_HV,.45 Colt,AmmoSet_Pistol,CombatExtended,3,Ammo_45Colt_FMJ,16,Bullet,4,26.58,94,,,0,
AmmoSet_45Schofield,.45 Schofield,AmmoSet_Pistol,CombatExtended,3,Ammo_45Schofield_FMJ,10,Bullet,2.5,7.26,58,,,0,
AmmoSet_460SWMagnum,.460 S&W Magnum,AmmoSet_PistolMagnum,CombatExtended,3,Ammo_460SWMagnum_FMJ,21,Bullet,7,53.26,107,,,0,
AmmoSet_460SWMagnum_Revolver,.460 S&W Magnum,AmmoSet_PistolMagnum,CombatExtended,9,Ammo_454Casull_FMJ,20,Bullet,7,48.66,100,,,0,
AmmoSet_46x30mm,4.6x30mm,AmmoSet_Pistol,CombatExtended,3,Ammo_46x30mm_FMJ,8,Bullet,5,9.72,122,,,0,
AmmoSet_470NitroExpress,.470 Nitro Express,AmmoSet_RifleMagnum,CombatExtended,5,Ammo_470NitroExpress_FMJ,29,Bullet,11,139.4,131,,,0,
AmmoSet_473x33mmCaseless,4.73x33mm Caseless,AmmoSet_RifleIntermediate,CombatExtended,6,Ammo_473x33mmCaseless_FMJ,12,Bullet,6,28.5,168,,,0,
AmmoSet_485x49mm,4.85x49mm,AmmoSet_Rifle,CombatExtended,6,Ammo_485x49mm_FMJ,13,Bullet,6,32.06,171,,,0,
AmmoSet_500SWMagnum,.500 S&W Magnum,AmmoSet_PistolMagnum,CombatExtended,3,Ammo_500SWMagnum_FMJ,21,Bullet,7,53.82,104,,,0,
AmmoSet_50AE,.50 AE,AmmoSet_PistolMagnum,CombatExtended,3,Ammo_50AE_FMJ,19,Bullet,6.5,39.36,98,,,0,
AmmoSet_50BMG,.50 BMG,AmmoSet_AntiMateriel,CombatExtended,5,Ammo_50BMG_FMJ,42,Bullet,14,360.34,163,,,0,
AmmoSet_50Beowulf,.50 Beowulf,AmmoSet_Rifle,CombatExtended,6,Ammo_50Beowulf_FMJ,23,Bullet,6.5,63.28,113,,,0,
AmmoSet_50mmGS50Grenade,50mm GS-50 Grenades,AmmoSet_LauncherGrenade,CombatExtended,3,Ammo_50mmGS50Grenade_EMP,25,EMP,,,30,,,0,
AmmoSet_50mmRocket,50mm rocket,,CombatExtended,1,Ammo_50mmRocket_HE,147,Bomb,,,0,,,1,Gun_RocketswarmLauncher
AmmoSet_50mmType89MortarShell,50mm type 89 mortar shells,AmmoSet_81mmMortarShell,CombatExtended,4,Ammo_50mmType89MortarShell_EMP,42,EMP,,,0,,,0,
AmmoSet_545x39mmSoviet,5.45x39mm Soviet,AmmoSet_RifleIntermediate,CombatExtended,6,Ammo_545x39mmSoviet_FMJ,13,Bullet,5.5,28.04,162,,,0,
AmmoSet_545x39mmSoviet_SB,5.45x39mm Soviet,AmmoSet_RifleIntermediate,CombatExtended,6,Ammo_545x39mmSoviet_FMJ,11,Bullet,5,19.56,142,,,0,
AmmoSet_556x45mmNATO,5.56x45mm NATO,AmmoSet_RifleIntermediate,CombatExtended,6,Ammo_556x45mmNATO_FMJ,14,Bullet,6,34.18,168,,,4,Gun_AssaultRifle;Gun_MiniTurret;Gun_Slugthrower;Gun_TacticalTurret
AmmoSet_556x45mmNATO_SB,5.56x45mm NATO,AmmoSet_RifleIntermediate,CombatExtended,6,Ammo_556x45mmNATO_FMJ,12,Bullet,5,21.96,142,,,2,Gun_AncientArmoredTurret;Gun_HellcatRifle
AmmoSet_55Boys,.55 Boys,AmmoSet_AntiMateriel,CombatExtended,5,Ammo_55Boys_FMJ,48,Bullet,12,476.68,163,,,0,
AmmoSet_5656Spencer,.56-56 Spencer rimfire,AmmoSet_RifleIntermediate,CombatExtended,6,Ammo_5656Spencer_FMJ,18,Bullet,5,30.36,84,,,0,
AmmoSet_57mmRocket_direct,57mm Rocket,,CombatExtended,3,Ammo_57mmRocket_HE,187,Bomb,,,120,,,0,
AmmoSet_57mmRocket_indirect,57mm Rocket,,CombatExtended,3,Ammo_57mmRocket_HE,187,Bomb,,,0,,,0,
AmmoSet_57x307mmR,57x307mmR,AmmoSet_LightCannon,CombatExtended,2,Ammo_57x307mmR_AP,105,Bullet,32,4560.86,92,,,0,
AmmoSet_57x348mmSR,57x348mmSR,AmmoSet_LightCannon,CombatExtended,4,Ammo_57x348mmSR_AP,198,Bullet,147,28000,178,,,0,
AmmoSet_57x438mmBofors,57x438mm Bofors,AmmoSet_LightCannon,CombatExtended,4,Ammo_57x438mmBofors_AP,192,Bullet,120,25709.4,183,,,0,
AmmoSet_58x21mmDAP92,5.8x21mm DAP92,AmmoSet_Pistol,CombatExtended,3,Ammo_58x21mmDAP92_FMJ,11,Bullet,4,16.86,111,,,0,
AmmoSet_58x42mmDBP10,5.8x42mm DBP10,AmmoSet_RifleIntermediate,CombatExtended,6,Ammo_58x42mmDBP10_FMJ,14,Bullet,6,35.9,169,,,0,
AmmoSet_5x16mmCharged,5x16mm Charged,AmmoSet_MechCharged,CombatExtended,1,Ammo_5x16mmCharged,9,Bullet,8,10.8,122,,,0,
AmmoSet_5x23mmCaseless,5x23mm Caseless,,CombatExtended,3,Ammo_5x23mmCaseless_FMJ,11,Bullet,7,24.5,129,,,0,
AmmoSet_5x35mmCharged,5x35mm Charged,AmmoSet_MechCharged,CombatExtended,1,Ammo_5x35mmCharged,13,Bullet,33,60,178,,,1,Gun_ChargeLance
AmmoSet_5x50mmCaseless,5x50mm Caseless,AmmoSet_Rifle,CombatExtended,1,Ammo_5x50mmCaseless_Sabot,10,Bullet,21,73.2,206,,,1,Gun_Needle
AmmoSet_5x50mmCaselessToxic,5x50mm Caseless (Toxic),AmmoSet_Rifle,CombatExtended,1,Ammo_5x50mmCaseless_Sabot,11,BulletToxic,26,112.5,242,,,1,Gun_ToxicNeedle
AmmoSet_5x50mmCaseless_HV,5x50mm Caseless,AmmoSet_Rifle,CombatExtended,1,Ammo_5x50mmCaseless_Sabot,11,Bullet,26,112.5,242,,,0,
AmmoSet_5x50mmCaseless_LV,5x50mm Caseless,AmmoSet_Rifle,CombatExtended,1,Ammo_5x50mmCaseless_Sabot,7,Bullet,16,40.5,165,,,0,
AmmoSet_600NitroExpress,.600 Nitro Express,AmmoSet_RifleMagnum,CombatExtended,5,Ammo_600NitroExpress_FMJ,38,Bullet,11,222.96,125,,,0,
AmmoSet_60mmMortarShell,60mm mortar shells,AmmoSet_81mmMortarShell,CombatExtended,5,Shell_60mmMortar_EMP,76,EMP,,,0,,,0,
AmmoSet_60x225mmGamma,60x225mm Gamma Shell,,CombatExtended,1,Ammo_60x225mmGamma_Standard,33,Burn,,,73,,,0,
AmmoSet_65x48mmCreedmoor,6.5mm Creedmoor,AmmoSet_Rifle,CombatExtended,6,Ammo_65x48mmCreedmoor_FMJ,20,Bullet,6.5,67.34,155,,,0,
AmmoSet_65x50mmSRArisaka,6.5x50mmSR Arisaka,AmmoSet_RifleIntermediate,CombatExtended,6,Ammo_65x50mmSRArisaka_FMJ,17,Bullet,6,53.96,147,,,0,
AmmoSet_65x50mmSRArisaka_SB,6.5x50mmSR Arisaka,AmmoSet_RifleIntermediate,CombatExtended,6,Ammo_65x50mmSRArisaka_FMJ,15,Bullet,5,38.92,130,,,0,
AmmoSet_65x52mmCarcano,6.5x52mm Carcano,AmmoSet_Rifle,CombatExtended,6,Ammo_65x52mmCarcano_FMJ,17,Bullet,6,51.46,137,,,0,
AmmoSet_66mmThermalBolt,66mm thermal bolts,AmmoSet_MechShell_Incendiary,CombatExtended,1,Ammo_66mmThermalBolt_Incendiary,6,PrometheumFlame,,,0,,,2,Artillery_AutoMortar;CE_ThermalBoltProjector
AmmoSet_6mmRailgun,6mm Railgun,,CombatExtended,1,Ammo_6mmRailgun_Sabot,19,Bullet,59,290.8,300,,,0,
AmmoSet_6x18mmCharged,6x18mm Charged,AmmoSet_ChargedPistol,CombatExtended,3,Ammo_6x18mmCharged,10,Bullet,12,14.4,122,,,0,
AmmoSet_6x22mmCharged,6x22mm Charged,AmmoSet_MechCharged,CombatExtended,1,Ammo_6x22mmCharged,13,Bullet,15,25.6,151,,,1,Gun_MiniTurretMech
AmmoSet_6x24mmCharged,6x24mm Charged,AmmoSet_ChargedRifle,CombatExtended,3,Ammo_6x24mmCharged,13,Bullet,15,25.6,151,,,1,Gun_ChargeRifle
AmmoSet_70mmAPKWS,70mm APKWS Rockets,,CombatExtended,1,Ammo_70mmAPKWS_HEAT,248,Bullet,300,44.285,173,,,0,
AmmoSet_70mmMechanoidGrenade,70mm Mechanoid Grenades,,CombatExtended,2,Ammo_70mmMechanoidGrenade_EMP,132,EMP,,,32,,,0,
AmmoSet_75FK,7.5 FK,AmmoSet_Pistol,CombatExtended,3,Ammo_75FK_FMJ,13,Bullet,6,22.92,123,,,0,
AmmoSet_75x350mmR,75x350mmR,AmmoSet_LightCannon,CombatExtended,3,Ammo_75x350mmR_AP,206,Bullet,88,24149.06,124,,,0,
AmmoSet_75x54mmFrench,7.5x54mm French,AmmoSet_Rifle,CombatExtended,6,Ammo_75x54mmFrench_FMJ,19,Bullet,6.5,60.52,154,,,0,
AmmoSet_762x25mmTokarev,7.62x25mm Tokarev,AmmoSet_Pistol,CombatExtended,3,Ammo_762x25mmTokarev_FMJ,11,Bullet,4.25,13.58,106,,,0,
AmmoSet_762x385mmRCannonShell,76.2x385mmR Cannon shells,AmmoSet_HeavyCannon,CombatExtended,5,Ammo_762x385mmRCannonShell_AP,220,Bullet,110,28668.8,134,,,0,
AmmoSet_762x38mmR,7.62x38mmR,AmmoSet_Pistol,CombatExtended,3,Ammo_762x38mmR_FMJ,9,Bullet,3,6.74,77,,,0,
AmmoSet_762x39mmSoviet,7.62x39 Soviet,AmmoSet_RifleIntermediate,CombatExtended,6,Ammo_762x39mmSoviet_FMJ,17,Bullet,5.5,41.08,139,,,0,
AmmoSet_762x39mmSoviet_SB,7.62x39 Soviet,AmmoSet_RifleIntermediate,CombatExtended,6,Ammo_762x39mmSoviet_FMJ,15,Bullet,4.5,29.56,123,,,0,
AmmoSet_762x51mmExtra,7.62x51mm UNSC Extra,,CombatExtended,13,Ammo_762x51mmNATO_FMJ,20,Bullet,7,66.72,156,,,0,
AmmoSet_762x51mmNATO,7.62x51mm NATO,AmmoSet_Rifle,CombatExtended,6,Ammo_762x51mmNATO_FMJ,20,Bullet,7,66.72,156,,,5,CE_MechanoidMinigun;Gun_M240B;Gun_MediumTurret;Gun_Minigun;Gun_SniperRifle
AmmoSet_762x51mmNATO_SB,7.62x51mm NATO,AmmoSet_Rifle,CombatExtended,6,Ammo_762x51mmNATO_FMJ,16,Bullet,6,37.82,126,,,0,
AmmoSet_762x51mmUNSC,7.62x51mm UNSC,,CombatExtended,7,Ammo_762x51mmUNSC_FMJ,19,Bullet,10,69.72,170,,,0,
AmmoSet_762x51mmUNSC_DMR,7.62x51mm UNSC,,CombatExtended,7,Ammo_762x51mmUNSC_FMJ,21,Bullet,11,74.72,184,,,0,
AmmoSet_762x539mmR,76.2x539mmR Cannon shells,AmmoSet_LightCannon,CombatExtended,3,Ammo_762x539mmR_AP,259,Bullet,132,45723.2,154,,,0,
AmmoSet_762x54mmR,7.62x54mmR,AmmoSet_Rifle,CombatExtended,6,Ammo_762x54mmR_FMJ,20,Bullet,7,67.34,155,,,0,
AmmoSet_762x54mmR_SB,7.62x54mmR,AmmoSet_Rifle,CombatExtended,6,Ammo_762x54mmR_FMJ,18,Bullet,6,51.52,140,,,0,
AmmoSet_763x25mmMauser,7.63x25mm Mauser,AmmoSet_Pistol,CombatExtended,3,Ammo_763x25mmMauser_FMJ,10,Bullet,4,10.9,97,,,0,
AmmoSet_765x20mmLongue,7.65x20mm Longue,AmmoSet_Pistol,CombatExtended,3,Ammo_765x20mmLongue_FMJ,9,Bullet,3,5.88,81,,,0,
AmmoSet_77x58mmArisaka,7.7x58mm Arisaka,AmmoSet_Rifle,CombatExtended,6,Ammo_77x58mmArisaka_FMJ,19,Bullet,6.5,60.24,154,,,0,
AmmoSet_792x33mmKurz,7.92x33mm Kurz,AmmoSet_RifleIntermediate,CombatExtended,6,Ammo_792x33mmKurz_FMJ,16,Bullet,5,37.54,134,,,0,
AmmoSet_792x57mmMauser,7.92x57mm Mauser,AmmoSet_Rifle,CombatExtended,6,Ammo_792x57mmMauser_FMJ,21,Bullet,7.5,78.68,154,,,0,
AmmoSet_792x94mmPatronen,7.92x94mm Patronen,AmmoSet_AntiMateriel,CombatExtended,5,Ammo_792x94mmPatronen_FMJ,30,Bullet,15,213.06,206,,,0,
AmmoSet_80mmRocket_direct,80mm S8 Rocket,,CombatExtended,3,Ammo_80mmRocket_HE,200,Bomb,,,123,,,0,
AmmoSet_80mmRocket_indirect,80mm S8 Rocket,,CombatExtended,3,Ammo_80mmRocket_HE,200,Bomb,,,0,,,0,
AmmoSet_80x256mmFuel,80x256mm Fuel Cell,AmmoSet_MechShell_Incendiary,CombatExtended,1,Ammo_80x256mmFuel_Incendiary,11,PrometheumFlame,,,73,,,2,Gun_InfernoCannon;Gun_InfernoCannonTurret
AmmoSet_81mmMortarShell,81mm mortar shells,,CombatExtended,9,Shell_AntigrainWarhead,156,Bomb,,,0,,,1,Artillery_Mortar
AmmoSet_825mmLong,8.25mm Long,AmmoSet_Rifle,CombatExtended,6,Ammo_825mmLong_FMJ,22,Bullet,6,88.48,154,,,0,
AmmoSet_83mmPIATGrenade,83mm PIAT Grenades,,CombatExtended,3,Ammo_83mmPIATGrenade_EMP,139,EMP,,,26,,,0,
AmmoSet_83mmSMAW,83mm SMAW Rockets,,CombatExtended,3,Ammo_83mmSMAW_HE,154,Bomb,,,58,,,0,
AmmoSet_84x246mmR,84x246mmR,,CombatExtended,10,Ammo_84x246mmR_CAN,28,Bullet,5,18,73,50,17.8,0,
AmmoSet_86x43mmBlackout,8.6mm Blackout,AmmoSet_Rifle,CombatExtended,6,Ammo_86x43mmBlackout_FMJ,21,Bullet,6,79.22,123,,,0,
AmmoSet_88mmRPzBRocket,88mmRPzB Rockets,,CombatExtended,1,Ammo_88mmRPzB_HEAT,208,Bullet,220,37.321,34,,,0,
AmmoSet_8GaugeUNSC,8 Gauge,,CombatExtended,4,Ammo_8Gauge_Buck,9,Bullet,5.5,6.52,83,15,17.8,0,
AmmoSet_8mmRailgun,8mm Railgun,,CombatExtended,1,Ammo_8mmRailgun_Sabot,20,Bullet,55,252.72,277,,,0,
AmmoSet_8x22mmNambu,8x22mm Nambu,AmmoSet_Pistol,CombatExtended,3,Ammo_8x22mmNambu_FMJ,9,Bullet,3,5.88,71,,,0,
AmmoSet_8x35mmCharged,8x35mm Charged,AmmoSet_ChargedRifle,CombatExtended,3,Ammo_8x35mmCharged,19,Bullet,16,57.6,151,,,1,Gun_BlasterTurret
AmmoSet_8x40mmCharged,8x40mm Charged,AmmoSet_MechCharged,CombatExtended,1,Ammo_8x40mmCharged,22,Bullet,16,90,178,,,0,
AmmoSet_8x50mmCharged,8x50mm Charged,AmmoSet_ChargedRifle,CombatExtended,3,Ammo_8x50mmCharged,24,Bullet,18,120,178,,,0,
AmmoSet_8x50mmRLebel,8x50mmR Lebel,AmmoSet_Rifle,CombatExtended,6,Ammo_8x50mmRLebel_FMJ,20,Bullet,6,68.22,141,,,0,
AmmoSet_8x50mmRLebel_SB,8x50mmR Lebel,AmmoSet_Rifle,CombatExtended,6,Ammo_8x50mmRLebel_FMJ,18,Bullet,5,51.94,127,,,0,
AmmoSet_8x50mmRMannlicher,8x50mmR Mannlicher,AmmoSet_Rifle,CombatExtended,6,Ammo_8x50mmRMannlicher_FMJ,19,Bullet,5.5,55.74,121,,,0,
AmmoSet_90mmCannonShell,90mm cannon shells,AmmoSet_HeavyCannon,CombatExtended,6,Ammo_90mmCannonShell_AP,304,Bullet,500,38.005,151,,,1,Gun_FlakTurret
AmmoSet_90mmRecoilless,90mm Recoilless Rockets,,CombatExtended,2,Ammo_90mmRCR_CAN,31,Bullet,5,21.78,87,60,26.7,0,
AmmoSet_950JDJ,.950 JDJ,AmmoSet_AntiMateriel,CombatExtended,5,Ammo_950JDJ_FMJ,75,Bullet,18,1045.94,132,,,0,
AmmoSet_95x40mmUNSC,9.5x40mm UNSC,,CombatExtended,6,Ammo_95x40mmUNSC_FMJ,23,Bullet,12,80.72,176,,,0,
AmmoSet_9x18mmMakarov,9x18mm Makarov,AmmoSet_Pistol,CombatExtended,3,Ammo_9x18mmMakarov_FMJ,9,Bullet,3,6.1,76,,,0,
AmmoSet_9x19mmPara,9x19mm Para,AmmoSet_Pistol,CombatExtended,3,Ammo_9x19mmPara_FMJ,11,Bullet,4,9.66,83,,,0,
AmmoSet_9x19mmParaSD,9x19mm Para,AmmoSet_Pistol,CombatExtended,3,Ammo_9x19mmPara_FMJ,9,Bullet,3.3,6.7,72,,,0,
AmmoSet_9x21mmGyurza,9x21mm Gyurza,AmmoSet_Pistol,CombatExtended,3,Ammo_9x21mmGyurza_FMJ,11,Bullet,3,11.26,92,,,0,
AmmoSet_9x39mmSoviet,9x39mm Soviet,AmmoSet_RifleIntermediate,CombatExtended,6,Ammo_9x39mmSoviet_FMJ,13,Bullet,4,16.48,76,,,0,
AmmoSet_AntiMateriel,anti-materiel,,CombatExtended,5,Ammo_AntiMateriel_FMJ,42,Bullet,14,360.34,163,,,0,
AmmoSet_Arrow,arrows,,CombatExtended,5,Ammo_Arrow_Flame,6,Arrow,0.2,1.42,31,,,1,Bow_Short
AmmoSet_ArtilleryShell,artillery shell,,CombatExtended,6,Ammo_ArtilleryShell_Anti,1310,BombSuper,,,0,,,0,
AmmoSet_Autocannon,autocannon shell,,CombatExtended,9,Ammo_AutocannonGrenade_EMP,22,EMP,,,152,,,0,
AmmoSet_BGM71,152mm ATGM,,CombatExtended,1,Ammo_BGM71_HEAT,286,Bullet,900,83.747,55,,,0,
AmmoSet_BeamRepeater,laser charge,,CombatExtended,2,Ammo_LaserChargePack,12,BeamBypassShields,,,,,,1,Gun_BeamRepeater
AmmoSet_Blowdart,blowgun darts,,CombatExtended,1,Ammo_Dart_Venom,3,ArrowVenom,0.35,0.5,16,,,0,
AmmoSet_BlunderbussShot,Blunderbuss Shot,,CombatExtended,1,Ammo_BlunderbussShot,7,Bullet,3,3.14,73,20,17.8,0,
AmmoSet_Bolter50,.50 Cal Bolter,,CombatExtended,4,Ammo_Bolter50_Inferno,24,Bullet,20,147,137,,,0,
AmmoSet_Bolter75,.75 Cal Bolter,,CombatExtended,5,Ammo_Bolter75_Inferno,38,Bullet,30,384.48,129,,,0,
AmmoSet_Bolter75_Relic,.75 Cal Bolter,,CombatExtended,5,Ammo_Bolter75_Inferno,38,Bullet,33,422.93,129,,,0,
AmmoSet_Bolter998,.998 Cal Bolter,,CombatExtended,5,Ammo_Bolter998_Inferno,57,Bullet,35,908.38,129,,,0,
AmmoSet_CannonBall,Cannon Ball,,CombatExtended,4,Ammo_CannonBall_Bursting,79,Bomb,0,0,99,,,0,
AmmoSet_CannonBall_Mortar,Cannon Ball,,CombatExtended,2,Ammo_CannonBall_Bursting,79,Bomb,,,0,,,0,
AmmoSet_Catapult,siege engine ammunition,,CombatExtended,1,Ammo_Catapult_Boulder,250,Blunt,,,0,,,0,
AmmoSet_ChargedHeavy,heavy charged,,CombatExtended,3,Ammo_HeavyCharged,39,Bullet,30,324,165,,,0,
AmmoSet_ChargedPistol,charged pistol,,CombatExtended,3,Ammo_PistolCharged,10,Bullet,12,14.4,122,,,0,
AmmoSet_ChargedRifle,charged rifle,,CombatExtended,3,Ammo_RifleCharged,13,Bullet,15,25.6,151,,,0,
AmmoSet_ChargedRockets,Charged rockets,,CombatExtended,3,Ammo_ChargedRocket,300,EMP,,,0,,,0,
AmmoSet_ChargedShotgun,charged shotgun,,CombatExtended,3,Ammo_ShotgunCharged,10,Bullet,10,14.4,122,6,8.9,0,
AmmoSet_CrossbowBolt,crossbow bolts,,CombatExtended,5,Ammo_CrossbowBolt_Flame,5,ArrowFire,,,28,,,0,
AmmoSet_FN57x28mm,FN 5.7x28mm,AmmoSet_Pistol,CombatExtended,3,Ammo_FN57x28mm_FMJ,9,Bullet,5,10.98,129,,,0,
AmmoSet_FastMusketBall,Musket Ball,,CombatExtended,1,Ammo_MusketBall,26,Bullet,5,64.8,98,,,0,
AmmoSet_Flamethrower,flamethrower fuel,,CombatExtended,3,Ammo_Flamethrower_Bioferrite,5,PrometheumFlame,,,20,,,2,Gun_Incinerator;Gun_MiniFlameblaster
AmmoSet_Flare,flare shell,,CombatExtended,2,Ammo_Flare,,Smoke,0,0,0,,,1,CE_FlareGun
AmmoSet_GreatArrow,great arrows,,CombatExtended,5,Ammo_GreatArrow_Flame,9,Arrow,1,1.46,21,,,1,Bow_Great
AmmoSet_HeavyCannon,heavy cannon shell,,CombatExtended,6,Ammo_HeavyCannonShell_AP,318,Bullet,170,70400,151,,,0,
AmmoSet_Incinerator_Burst,flamethrower fuel,,CombatExtended,3,Ammo_Flamethrower_Bioferrite,5,BioferriteFlame,,,20,20,0.5,0,
AmmoSet_Javelins,javelins,,CombatExtended,1,Pila,28,RangedStab,9,48.6,30,,,0,
AmmoSet_Lasgun_Cannon,lasgun power pack,,CombatExtended,1,Ammo_LasgunPowerPack,80,CE_Laser,558,0.01,,,,0,
AmmoSet_Lasgun_CannonDouble,lasgun power pack,,CombatExtended,1,Ammo_LasgunPowerPack,80,CE_Laser,558,0.01,,2,,0,
AmmoSet_Lasgun_HellGun,lasgun power pack,,CombatExtended,1,Ammo_LasgunPowerPack,26,CE_Laser,20,0.01,,,,0,
AmmoSet_Lasgun_Pistol,lasgun power pack,,CombatExtended,1,Ammo_LasgunPowerPack,12,CE_Laser,8,0.01,,,,0,
AmmoSet_Lasgun_Rifle,lasgun power pack,,CombatExtended,1,Ammo_LasgunPowerPack,20,CE_Laser,14,0.01,,,,0,
AmmoSet_LauncherGrenade,launcher grenade,,CombatExtended,9,Ammo_LauncherGrenade_AP,20,Bullet,12,105.72,74,,,0,
AmmoSet_LightCannon,light cannon shell,,CombatExtended,4,Ammo_LightCannonShell_AP,122,Bullet,100,10007.44,181,,,0,
AmmoSet_M41Rocket,M41 Rockets,,CombatExtended,2,Ammo_M41Rocket_HE,240,Bomb,,,51,,,0,
AmmoSet_M6Rocket,M6 Rockets,,CombatExtended,4,Ammo_M6A1_HEAT,208,Bullet,76,42.273,27,,,0,
AmmoSet_M74,M74 Rockets,,CombatExtended,1,Ammo_M74_Incendiary,9,PrometheumFlame,,,35,,,0,
AmmoSet_MechCharged,mech charged ammo,,CombatExtended,1,Ammo_Mech_Charged,22,Bullet,16,90,178,,,0,
AmmoSet_MechShell_Demo,mech shell (Demo),,CombatExtended,1,Ammo_MechShell_Demo,40,Thump,0,0,61,,,0,
AmmoSet_MechShell_Incendiary,mech shell (Incendiary),,CombatExtended,1,Ammo_MechShell_Incendiary,11,PrometheumFlame,,,73,,,0,
AmmoSet_MeltaCharge,melta charge,,CombatExtended,1,Ammo_MeltaGun,150,CE_Laser,500,0.001,,,,0,
AmmoSet_MiniCannonBall,Mini Cannon Ball,,CombatExtended,2,Ammo_MiniCannonBall_Grape,15,Bullet,3.5,20.7,73,10,17.8,0,
AmmoSet_MortarGrenade,Mortar Grenades,,CombatExtended,1,Ammo_MortarGrenade,30,Bomb,,,25,,,0,
AmmoSet_Nail,nail,,CombatExtended,1,Ammo_Nail,1,Bullet,0.2,0.06,9,,,0,
AmmoSet_Nail_HV,nail,,CombatExtended,1,Ammo_Nail,3,Bullet,3,0.82,32,,,0,
AmmoSet_NerveSpikerBolt,nerve spiker bolts,,CombatExtended,1,Ammo_NerveSpikerBolt,11,NerveBioferrite,5,10.8,34,,,1,NerveSpiker
AmmoSet_Pistol,pistol,,CombatExtended,3,Ammo_Pistol_FMJ,12,Bullet,3.5,10.86,67,,,0,
AmmoSet_PistolMagnum,magnum pistol,,CombatExtended,3,Ammo_PistolMagnum_FMJ,15,Bullet,6,23.28,88,,,0,
AmmoSet_PlasmaCanister_Cannon,plasma canister,,CombatExtended,1,Ammo_PlasmaCanister,88,Bullet,80,,80,,,0,
AmmoSet_PlasmaCanister_Destroyer,plasma canister,,CombatExtended,1,Ammo_PlasmaCanister,250,CE_Laser,500,0.001,,,,0,
AmmoSet_PlasmaCanister_Pistol,plasma canister,,CombatExtended,1,Ammo_PlasmaCanister,36,Bullet,40,4,60,,,0,
AmmoSet_PlasmaCanister_Pistol_Relic,plasma canister,,CombatExtended,1,Ammo_PlasmaCanister,40,Bullet,40,4,60,,,0,
AmmoSet_PlasmaCanister_Rifle,plasma canister,,CombatExtended,1,Ammo_PlasmaCanister,48,Bullet,50,4,65,,,0,
AmmoSet_PlasmaCanister_Rifle_Relic,plasma canister,,CombatExtended,1,Ammo_PlasmaCanister,52,Bullet,54,4,65,,,0,
AmmoSet_PlasmaCellHeavy,Plasma Heavy Power Cell,,CombatExtended,1,Ammo_PlasmaCellHeavy,18,Bomb,,,165,,,0,
AmmoSet_PlasmaCellPistol,Plasma Pistol Power Cell,,CombatExtended,1,Ammo_PlasmaCellPistol,2,Bomb,,,137,,,0,
AmmoSet_PlasmaCellRifle,Plasma Rifle Power Cell,,CombatExtended,1,Ammo_PlasmaCellRifle,2,Bomb,,,178,,,0,
AmmoSet_RPG32Rocket,RPG-32 Rockets,,CombatExtended,2,Ammo_RPG32Rocket_HEAT,264,Bullet,650,41.818,41,,,0,
AmmoSet_RPG7Grenade,RPG-7 Grenades,,CombatExtended,3,Ammo_RPG7Grenade_Frag,58,Bomb,,,73,,,0,
AmmoSet_RevolverShotgun,revolver shotgun,,CombatExtended,7,Ammo_PistolMagnum_FMJ,12,Bullet,3.5,11.44,69,,,0,
AmmoSet_Rifle,full power rifle,,CombatExtended,6,Ammo_Rifle_FMJ,20,Bullet,7,66.72,156,,,0,
AmmoSet_RifleIntermediate,intermediate rifle,,CombatExtended,6,Ammo_RifleIntermediate_FMJ,14,Bullet,6,34.18,168,,,0,
AmmoSet_RifleMagnum,magnum rifle,,CombatExtended,5,Ammo_RifleMagnum_FMJ,26,Bullet,11,134.16,166,,,0,
AmmoSet_SPG9Rocket,SPG9 Rocket,,CombatExtended,4,Ammo_SPG9Rocket_EMP,111,EMP,0,0,75,,,0,
AmmoSet_Shotgun,shotgun shell,,CombatExtended,4,Ammo_Shotgun_Beanbag,9,Beanbag,0,3.24,30,,2,0,
AmmoSet_SlingBullet,sling bullets,,CombatExtended,2,Ammo_SlingBullet_Steel,8,Blunt,,1.72,18,,,0,
AmmoSet_SlowMusketBall,Musket Ball,,CombatExtended,1,Ammo_MusketBall,17,Bullet,3.5,20,63,,,0,
AmmoSet_SpartanLaser,Spartan laser battery cell,,CombatExtended,1,Ammo_HeavyLaserChargePack,100,CE_Laser,600,0.001,,,,0,
AmmoSet_StreamlinedArrow,arrows,,CombatExtended,5,Ammo_Arrow_Flame,8,ArrowHighVelocity,0.5,2.78,40,,,1,Bow_Recurve
AmmoSet_TomahawkLAM,Tomahawk Missile,,CombatExtended,1,Ammo_TomahawkLAM,5653,Bomb,,,63,,,0,
