defName,label,source,tech,cls,unique,ceConverted,ammoSet,Mass,Bulk,cooldown,sights,spread,sway,recoil,range,warmup,burst,ticksBetween,rpm,mag,reload,oneAtATime,aimedBurst,noSnapshot,noSingle,aiAim,projectile,damage,damageDef,apSharp,apBlunt,speed,pellets,spreadMult,hasSecondary,van_range,van_warmup,van_cooldown,van_mass,van_damage,van_speed,van_burst,van_accShort,van_accLong
Artillery_AutoMortar,auto-mortar,RimWorld,,turret,False,True,AmmoSet_66mmThermalBolt,,,,0.5,,,,700,11,1,,,10,9.8,,,,,,Bullet_66mmThermalBolt_Incendiary,6,PrometheumFlame,,,0,,,False,500,4,,,,41,1,,
Artillery_Mortar,mortar,RimWorld,,turret,False,True,AmmoSet_81mmMortarShell,,,,0.5,,,,700,5.5,1,,,1,5,,,,,,Bullet_81mmMortarShell_HE,156,Bomb,,,0,,,False,,,,,,,,,
Bow_Great,greatbow,RimWorld,Neolithic,bow,False,True,AmmoSet_GreatArrow,3.0,5.0,1,0.8,1,2,,30,1.3,,,,,,,,,,,Projectile_GreatArrow_Stone,9,Arrow,1,1.46,21,,,False,29.9,2.0,1.5,3.0,17,49,,0.85,0.5
Bow_Great_Unique,unique greatbow,Odyssey,Neolithic,other,True,True,AmmoSet_GreatArrow,3.0,5.0,1,0.8,1,2,,30,1.3,,,,,,,,,,,Projectile_GreatArrow_Stone,9,Arrow,1,1.46,21,,,False,29.9,2.0,1.5,3.0,17,49,,0.85,0.5
Bow_Recurve,recurve bow,RimWorld,Neolithic,bow,False,True,AmmoSet_StreamlinedArrow,1.3,4.0,1,0.8,1,2,,22,1.2,,,,,,,,,,,Projectile_StreamlinedArrow_Stone,8,ArrowHighVelocity,0.5,2.78,40,,,False,25.9,1.45,1.65,1.3,14,56,,0.78,0.35
Bow_Short,short bow,RimWorld,Neolithic,bow,False,True,AmmoSet_Arrow,0.8,3.0,1,0.8,1,2,,14,1,,,,,,,,,,,Projectile_Arrow_Stone,6,Arrow,0.2,1.42,31,,,False,22.9,1.35,1.65,0.8,11,44,,0.65,0.25
CE_DisposableRocketLauncher,M72 LAW,CombatExtended,Industrial,launcher,False,False,,2.5,6.3,1.5,1.0,0.2,1.24,,31,1.9,,,,,,,,,,AimedShot,Bullet_M72LAW,248,Bullet,300,31.584,42,,,False,,,,,,,,,
CE_FlareGun,flare gun,CombatExtended,Industrial,other,False,True,AmmoSet_Flare,0.85,1.75,0.38,0.7,0.18,0.87,,45,1.1,,,,1,2.2,,,,,SuppressFire,Bullet_Flare,,Smoke,0,0,0,,,False,,,,,,,,,
CE_GrenadeLauncher,M79,CombatExtended,Industrial,launcher,False,True,AmmoSet_40x46mmGrenade,2.7,7.31,0.93,1,0.16,1.0,3.28,44,1.1,,,,1,2.2,,,,,SuppressFire,Bullet_40x46mmGrenade_HE,22,Bomb,,,27,,,False,,,,,,,,,
CE_MechanoidMinigun,minigun,CombatExtended,Spacer,machine gun,False,True,AmmoSet_762x51mmNATO,30.0,12.0,0.35,1,0.01,1.25,0.55,68,2.3,50,3,1200,250,9.2,,25,,,Snapshot,Bullet_762x51mmNATO_FMJ,20,Bullet,7,66.72,156,,,False,,,,,,,,,
CE_ThermalBoltProjector,thermal bolt projector,CombatExtended,Spacer,launcher,False,True,AmmoSet_66mmThermalBolt,10.0,7.5,2.0,1,0.16,1.0,,62,3,,,,3,1.6,true,,,,,Bullet_66mmThermalBolt_Incendiary,6,PrometheumFlame,,,0,,,False,,,,,,,,,
CE_Weapon_GrenadeConcussion,concussion grenade,CombatExtended,Industrial,grenade,False,False,,0.436,1.55,1,1.0,,,,10.0,0.8,,,,,,,,,,,CE_Proj_GrenadeConcussion,80,Bomb,,,12,,,False,,,,,,,,,
CE_Weapon_GrenadeFirefoam,firefoam grenade,CombatExtended,Industrial,grenade,False,False,,0.5,1.05,1,1.0,,,,10,0.8,,,,,,,,,,,CE_Proj_GrenadeFirefoam,,Extinguish,,,12,,,False,,,,,,,,,
CE_Weapon_GrenadeFlashbang,flashbang grenade,CombatExtended,Industrial,grenade,False,False,,0.236,0.61,1,1.0,,,,10,0.8,,,,,,,,,,,CE_Proj_GrenadeFlashbang,10,Stun,,,10,,,False,,,,,,,,,
CE_Weapon_GrenadeSmoke,smoke grenade,CombatExtended,Industrial,grenade,False,False,,0.539,1.05,1,1.0,,,,10,0.8,,,,,,,,,,,CE_Proj_GrenadeSmoke,,Smoke,,,12,,,False,,,,,,,,,
CE_Weapon_GrenadeStickBomb,stick bomb,CombatExtended,Neolithic,grenade,False,False,,1.5,4.72,1,1.0,,,,7.0,1.6,,,,,,,,,,,CE_Proj_GrenadeStickBomb,234,Bomb,,,12,,,False,,,,,,,,,
Gun_AGSThirty,AGS-30 grenade launcher,CombatExtended,Industrial,turret,False,True,AmmoSet_30x29mmGrenade,13,,0.4,2.16,0.15,0.92,2.38,62,1.435,6,9,400,30,7.8,,3,,,SuppressFire,Bullet_30x29mmGrenade_HE,22,Bomb,,,51,,,False,,,,,,,,,
Gun_AncientArmoredTurret,ancient defender turret gun,Odyssey,,turret,False,True,AmmoSet_556x45mmNATO_SB,4,,0.36,1,0.07,0.67,1.02,48,1.3,10,5,720,200,7.8,,,true,true,AimedShot,Bullet_556x45mmNATO_FMJ_SB,12,Bullet,5,21.96,142,,,False,36.9,0,5.8,5,8,70,3,0.7,0.24
Gun_AssaultRifle,M16A4,RimWorld,Industrial,rifle,False,True,AmmoSet_556x45mmNATO,3.26,10.03,0.36,1,0.07,1.33,1.5,55,1.1,6,4,900,30,4,,3,,,AimedShot,Bullet_556x45mmNATO_FMJ,14,Bullet,6,34.18,168,,,False,30.9,1.0,1.7,3.5,11,70,3,0.7,0.55
Gun_AssaultRifle_Unique,unique assault rifle,Odyssey,Industrial,other,True,True,AmmoSet_556x45mmNATO,3.26,10.03,0.36,1,0.07,1.33,1.5,55,1.1,6,4,900,30,4,,3,,,AimedShot,Bullet_556x45mmNATO_FMJ,14,Bullet,6,34.18,168,,,False,30.9,1.0,1.7,3.5,11,70,3,0.7,0.55
Gun_AutocannonTurret,autocannon turret,CombatExtended,Industrial,turret,False,True,AmmoSet_20x102mmNATO,50,,0.37,1,0.01,1.61,1.5,78,2.3,10,7,514,100,7.8,,,true,true,AimedShot,Bullet_20x102mmNATO_AP,44,Bullet,30,1029.08,182,,,False,32.9,0,3.5,40,27,88,3,0.72,0.5
Gun_Autopistol,M1911,RimWorld,Industrial,pistol,False,True,AmmoSet_45ACP,1.11,2.1,0.38,0.7,0.17,1.07,2.72,12,0.6,,,,7,4,,,,,Snapshot,Bullet_45ACP_FMJ,12,Bullet,3.5,10.86,67,,,False,25.9,0.3,1,1.2,10,55,,0.7,0.3
Gun_BeamRepeater,beam repeater,Odyssey,Spacer,machine gun,False,True,AmmoSet_BeamRepeater,10.0,9.5,0.1,1.1,0.1,1.95,0.01,40,2.0,25,4,900,300,4,,10,,,AimedShot,Bullet_Laser_BeamRepeater,12,BeamBypassShields,,,,,,False,21.9,4,3,10,5,,30,0.72,0.6
Gun_BeamRepeater_Unique,unique beam repeater,Odyssey,Spacer,other,True,True,AmmoSet_BeamRepeater,10.0,9.5,0.1,1.1,0.1,1.95,0.01,40,2.0,25,4,900,300,4,,10,,,AimedShot,Bullet_Laser_BeamRepeater,12,BeamBypassShields,,,,,,False,21.9,4,3,10,5,,30,0.72,0.6
Gun_BinocularsRadio,binoculars,CombatExtended,Industrial,other,False,False,,2.25,1.5,0.5,1.6,,,,100,5.8,,,,,,,,,,,Bullet_Dummy,0,Bullet,,,1000,,,False,,,,,,,,,
Gun_BlasterTurret,blaster turret gun,CombatExtended,Industrial,turret,False,True,AmmoSet_8x35mmCharged,10,,0.36,1,0.06,0.86,0.9,55,1.3,10,5,720,100,7.8,,,true,true,AimedShot,Bullet_8x35mmCharged,19,Bullet,16,57.6,151,,,True,,,,,,,,,
Gun_BoltActionRifle,Lee-Enfield,RimWorld,Industrial,rifle,False,True,AmmoSet_303British,4.19,12.6,1.17,1,0.02,1.68,2.04,55,1.1,,,,10,4.3,,,,,AimedShot,Bullet_303British_FMJ,20,Bullet,6.5,67,147,,,False,36.9,1.7,1.5,3.5,18,70,,0.8,0.8
Gun_BoltActionRifle_Unique,unique bolt-action rifle,Odyssey,Industrial,other,True,True,AmmoSet_303British,4.19,12.6,1.17,1,0.02,1.68,2.04,55,1.1,,,,10,4.3,,,,,AimedShot,Bullet_303British_FMJ,20,Bullet,6.5,67,147,,,False,36.9,1.7,1.5,3.5,18,70,,0.8,0.8
Gun_ChainShotgun,Saiga 12K,RimWorld,Industrial,shotgun,False,True,AmmoSet_12Gauge,3.5,6.7,0.39,1,0.15,1.26,2.54,16,0.6,,15,240,8,4,,,,,Snapshot,Bullet_12Gauge_Buck,8,Bullet,4,4.52,83,9,8.9,False,12.9,1.2,1.35,4.5,18,55,3,0.64,0.45
Gun_ChainShotgun_Unique,unique chain shotgun,Odyssey,Industrial,other,True,True,AmmoSet_12Gauge,3.5,6.7,0.39,1,0.15,1.26,2.54,16,0.6,,15,240,8,4,,,,,Snapshot,Bullet_12Gauge_Buck,8,Bullet,4,4.52,83,9,8.9,False,12.9,1.2,1.35,4.5,18,55,3,0.64,0.45
Gun_ChargeBlasterHeavy,heavy charge blaster,RimWorld,Spacer,machine gun,False,True,AmmoSet_12x64mmCharged,35.0,13.0,0.36,1,0.01,1.33,1.08,75,1.3,10,6,600,100,9.2,,5,,,AimedShot,Bullet_12x64mmCharged,39,Bullet,30,324,165,,,True,26.9,1.25,7.4,22,15,90,24,0.26,0.18
Gun_ChargeBlasterHeavyTurret,light charge blaster,RimWorld,Spacer,other,False,True,AmmoSet_12x64mmCharged,35,,0.36,1,0.01,1.33,1.08,75,2.0,10,7,514,200,9.2,,,,,AimedShot,Bullet_12x64mmCharged,39,Bullet,30,324,165,,,True,45.9,1.25,7.4,22,15,90,9,0.26,0.08
Gun_ChargeBlasterTurret,charge blaster turret,Biotech,,turret,False,False,,2.6,6.0,,1,0.2,0.56,,55,,1,150,24,,,,,,,,Bullet_8x40mmCharged,22,Bullet,16,90,178,,,True,44.9,,,2.6,15,90,,0.8,0.85
Gun_ChargeLance,charge lance,RimWorld,Spacer,sniper,False,True,AmmoSet_5x35mmCharged,8,13.0,0.36,1,0.01,0.88,0.92,62,1.3,,,,10,4,,,,,AimedShot,Bullet_5x35mmCharged,13,Bullet,33,60,178,,,True,32.9,1.7,2.7,8,30,120,,0.85,0.75
Gun_ChargeLance_Unique,unique charge lance,Odyssey,Spacer,other,True,True,AmmoSet_5x35mmCharged,8,13.0,0.36,1,0.01,0.88,0.92,62,1.3,,,,10,4,,,,,AimedShot,Bullet_5x35mmCharged,13,Bullet,33,60,178,,,True,32.9,1.7,2.7,8,30,120,,0.85,0.75
Gun_ChargeRifle,R-15 charge rifle,RimWorld,Spacer,rifle,False,True,AmmoSet_6x24mmCharged,3.0,7.0,0.36,1.1,0.08,1.2,1.46,55,1.0,6,5,720,30,4,,3,,,AimedShot,Bullet_6x24mmCharged,13,Bullet,15,25.6,151,,,True,27.9,1.0,2.0,4.6,16,70,3,0.64,0.45
Gun_ChargeRifle_Unique,unique charge rifle,Odyssey,Spacer,other,True,True,AmmoSet_6x24mmCharged,3.0,7.0,0.36,1.1,0.08,1.2,1.46,55,1.0,6,5,720,30,4,,3,,,AimedShot,Bullet_6x24mmCharged,13,Bullet,15,25.6,151,,,True,27.9,1.0,2.0,4.6,16,70,3,0.64,0.45
Gun_DoomsdayRocket,doomsday rocket launcher,RimWorld,Spacer,launcher,False,False,,20.0,13.0,1.5,2.24,0.2,3.24,,48,2.1,1,,,,,,,,,AimedShot,Bullet_DoomsdayRocket,250,Bomb,,,100,,,False,35.9,4.5,4.5,8,,50,1,,
Gun_FlakTurret,Flak gun,CombatExtended,Industrial,turret,False,True,AmmoSet_90mmCannonShell,500,,2.5,2.3,0.01,1.41,4.74,92,3.5,,,,1,9.8,,,,,AimedShot,Bullet_90mmCannonShell_HEAT,304,Bullet,500,38.005,151,,,False,,,,,,,,,
Gun_HeavySMG,UMP45,RimWorld,Industrial,smg,False,True,AmmoSet_45ACP,2.5,4.5,0.37,1.0,0.14,0.94,1.79,25,0.6,6,6,600,25,4,,3,,,Snapshot,Bullet_45ACP_FMJ,12,Bullet,3.5,10.86,67,,,False,22.9,0.9,1.65,3.5,12,48,3,0.65,0.2
Gun_HeavySMG_Unique,unique heavy SMG,Odyssey,Industrial,other,True,True,AmmoSet_45ACP,2.5,4.5,0.37,1.0,0.14,0.94,1.79,25,0.6,6,6,600,25,4,,3,,,Snapshot,Bullet_45ACP_FMJ,12,Bullet,3.5,10.86,67,,,False,22.9,0.9,1.65,3.5,12,48,3,0.65,0.2
Gun_HeavyTurret,heavy turret gun,CombatExtended,Industrial,turret,False,True,AmmoSet_145x114mm,30,,0.37,1,0.01,1.31,1.54,55,1.6,5,6,600,40,7.8,,,true,true,AimedShot,Bullet_145x114mm_FMJ,53,Bullet,18,634,178,,,False,,,,,,,,,
Gun_HellcatRifle,hellcat rifle,Anomaly,Industrial,rifle,False,True,AmmoSet_556x45mmNATO_SB,4.35,9.5,0.36,1.0,0.14,1.17,1.16,48,1.1,6,5,720,30,4,,3,,,AimedShot,Bullet_556x45mmNATO_FMJ_SB,12,Bullet,5,21.96,142,,,False,26.9,1.1,1.7,3.5,10,70,3,0.7,0.55
Gun_HellcatRifle_Unique,unique hellcat rifle,Odyssey,Industrial,other,True,True,AmmoSet_556x45mmNATO_SB,4.35,9.5,0.36,1.0,0.14,1.17,1.16,48,1.1,6,5,720,30,4,,3,,,AimedShot,Bullet_556x45mmNATO_FMJ_SB,12,Bullet,5,21.96,142,,,False,26.9,1.1,1.7,3.5,10,70,3,0.7,0.55
Gun_HellsphereCannon,hellsphere cannon,Biotech,Spacer,other,False,False,,20,,2.5,,,,,31,4.3,1,,,,,,,,,,Bullet_HellsphereCannonGun,,Vaporize,,,75,,,False,18.9,7.5,6.0,20,,75,1,1,1
Gun_IncendiaryLauncher,T-9 incendiary launcher,RimWorld,Spacer,launcher,False,True,AmmoSet_30x64mmFuel,8,10,0.43,1.1,0.15,1.8,3.87,40,1.0,,,,5,0.85,true,,,,SuppressFire,Bullet_30x64mmFuel_Incendiary,10,PrometheumFlame,,,54,,,False,23.9,3.5,3.5,3.4,,40,1,,
Gun_Incinerator,incinerator,Anomaly,Industrial,flamer,False,True,AmmoSet_Flamethrower,7,10,0.39,1,5.0,1.38,0.33,11,0.6,20,3,1200,60,5,,10,,,SuppressFire,Bullet_Flamethrower_Prometheum,5,PrometheumFlame,,,20,,,False,,,3,3.4,,,,,
Gun_InfernoCannon,inferno cannon,RimWorld,Spacer,launcher,False,True,AmmoSet_80x256mmFuel,50.0,20.0,2.59,1,0.01,0.14,3.18,86,4.3,1,,,1,1.6,,,,,AimedShot,Bullet_80x256mmFuel_Incendiary,11,PrometheumFlame,,,73,,,False,26.9,1.25,8.4,18,,45,1,,
Gun_InfernoCannonTurret,inferno cannon,RimWorld,Spacer,turret,False,True,AmmoSet_80x256mmFuel,200.0,,2.52,1,0.01,0.82,1.59,86,4.3,1,,,5,8.0,,,,,AimedShot,Bullet_80x256mmFuel_Incendiary,11,PrometheumFlame,,,73,,,False,45.9,1.25,8.4,18,,45,1,,0.66
Gun_KPV,KPV machine gun,CombatExtended,Industrial,turret,False,True,AmmoSet_145x114mm,35,,0.37,1,0.01,1.42,1.43,75,1.3,10,6,600,50,7.8,,5,,,SuppressFire,Bullet_145x114mm_FMJ,53,Bullet,18,634,178,,,False,,,,,,,,,
Gun_LMG,Bren Mk4,RimWorld,Industrial,machine gun,False,True,AmmoSet_303British,8.7,12.9,0.56,1,0.05,1.37,1.38,62,1.3,10,7,514,50,4.9,,5,,,SuppressFire,Bullet_303British_FMJ,20,Bullet,6.5,67,147,,,False,25.9,1.8,1.6,8.5,12,46,6,0.48,0.26
Gun_LMG_Unique,unique LMG,Odyssey,Industrial,other,True,True,AmmoSet_303British,8.7,12.9,0.56,1,0.05,1.37,1.38,62,1.3,10,7,514,50,4.9,,5,,,SuppressFire,Bullet_303British_FMJ,20,Bullet,6.5,67,147,,,False,25.9,1.8,1.6,8.5,12,46,6,0.48,0.26
Gun_M240B,M240B machine gun,CombatExtended,Industrial,turret,False,True,AmmoSet_762x51mmNATO,12,,0.36,1,0.04,0.96,0.86,62,1.3,10,6,600,200,7.8,,5,,,SuppressFire,Bullet_762x51mmNATO_FMJ,20,Bullet,7,66.72,156,,,False,,,,,,,,,
Gun_MachinePistol,MAC-10,RimWorld,Industrial,smg,False,True,AmmoSet_45ACP,2.84,2.95,0.36,0.7,0.16,1.93,1.71,12,0.6,6,3,1200,30,4,,3,,,Snapshot,Bullet_45ACP_FMJ,12,Bullet,3.5,10.86,67,,,False,19.9,0.5,0.9,2.5,6,55,3,0.65,0.15
Gun_MediumTurret,medium turret gun,CombatExtended,Industrial,turret,False,True,AmmoSet_762x51mmNATO,10,,0.36,1,0.05,0.84,0.95,55,1.3,10,6,600,80,7.8,,,true,true,AimedShot,Bullet_762x51mmNATO_FMJ,20,Bullet,7,66.72,156,,,False,,,,,,,,,
Gun_MiniFlameblaster,mini-flameblaster,Biotech,Industrial,flamer,False,True,AmmoSet_Flamethrower,1.5,6.0,0.37,1.0,3.0,0.53,0.35,10,1.1,5,5,720,30,4,,,,,SuppressFire,Bullet_Flamethrower_Prometheum,5,PrometheumFlame,,,20,,,False,,,4.0,1.5,,,,0.48,0.26
Gun_MiniShotgun,mini-shotgun,Biotech,Spacer,shotgun,False,True,AmmoSet_410Bore,1.5,7.0,0.6,1,0.15,0.53,2.42,14,0.8,,,,6,4.9,,,,,Snapshot,Bullet_410Bore_Buck,9,Bullet,3,6.3,85,4,8.9,False,12.9,1.2,1.7,1.5,10,55,1,0.87,0.55
Gun_MiniTurret,mini-turret gun,RimWorld,,turret,False,True,AmmoSet_556x45mmNATO,4,,0.36,1,0.07,0.67,1.02,48,1.3,10,5,720,100,7.8,,,true,true,AimedShot,Bullet_556x45mmNATO_FMJ,14,Bullet,6,34.18,168,,,False,28.9,0,4.8,5,12,70,2,0.7,0.24
Gun_MiniTurretMech,mini-slugger,RimWorld,,turret,False,True,AmmoSet_6x22mmCharged,10,7.0,0.36,1,0.08,0.72,0.85,55,1.3,5,5,720,100,7.8,,,,,AimedShot,Bullet_6x22mmCharged,13,Bullet,15,25.6,151,,,True,45.9,,5.1,5,12,70,1,0.55,0.1
Gun_Minigun,minigun,RimWorld,Industrial,machine gun,False,True,AmmoSet_762x51mmNATO,20.0,10,0.35,1,0.06,3.22,0.97,62,2.1,50,2,1800,250,9.2,,25,,,Snapshot,Bullet_762x51mmNATO_FMJ,20,Bullet,7,66.72,156,,,False,30.9,2.5,1.5,10,10,70,25,0.25,0.18
Gun_Minigun_Unique,unique minigun,Odyssey,Industrial,other,True,True,AmmoSet_762x51mmNATO,20.0,10,0.35,1,0.06,3.22,0.97,62,2.1,50,2,1800,250,9.2,,25,,,Snapshot,Bullet_762x51mmNATO_FMJ,20,Bullet,7,66.72,156,,,False,30.9,2.5,1.5,10,10,70,25,0.25,0.18
Gun_Needle,needle gun,RimWorld,Spacer,sniper,False,True,AmmoSet_5x50mmCaseless,2.6,15.0,0.38,2.24,0.01,0.85,1.62,75,1.5,,,,10,4,,,,,AimedShot,Bullet_5x50mmCaseless_Sabot,10,Bullet,21,73.2,206,,,False,44.9,2.5,2.1,2.6,15,90,,0.8,0.85
Gun_PumpShotgun,Mossberg 500,RimWorld,Industrial,shotgun,False,True,AmmoSet_12Gauge,3.05,10.0,0.99,1,0.14,1.31,2.72,16,0.6,,,,5,0.85,true,,,,Snapshot,Bullet_12Gauge_Buck,8,Bullet,4,4.52,83,9,8.9,False,15.9,0.9,1.25,3.4,18,55,,0.87,0.64
Gun_Revolver,Ruger Redhawk,RimWorld,Industrial,pistol,False,True,AmmoSet_44Magnum,1.39,2.79,0.49,0.7,0.16,1.39,2.96,12,0.6,,,,6,4.6,,,,,Snapshot,Bullet_44Magnum_FMJ,15,Bullet,6,23.28,88,,,False,25.9,0.3,1.6,1.4,12,55,,0.75,0.4
Gun_Revolver_Unique,unique revolver,Odyssey,Industrial,other,True,True,AmmoSet_44Magnum,1.39,2.79,0.49,0.7,0.16,1.39,2.96,12,0.6,,,,6,4.6,,,,,Snapshot,Bullet_44Magnum_FMJ,15,Bullet,6,23.28,88,,,False,25.9,0.3,1.6,1.4,12,55,,0.75,0.4
Gun_RocketswarmLauncher,rocketswarm tube,RimWorld,,turret,False,True,AmmoSet_50mmRocket,40,,3.5,,,,1.73,86,3.6,4,6,600,12,6.5,,,,,,Bullet_50mmRocket_HE,147,Bomb,,,0,,,False,29.9,,3.5,40,24,38,12,0.72,0.5
Gun_Scattergun,scattergun,Odyssey,Spacer,other,False,False,,1.5,7.0,1.99,1,0.15,0.53,0.01,10,1,,,,,,,,,,Snapshot,Bullet_Laser_Shotgun,9,BeamBypassShields,17.5,0.001,,4,12,False,19.9,0.55,2,1.5,13,55,1,0.87,0.6
Gun_Slugthrower,slugthrower,Biotech,Industrial,rifle,False,True,AmmoSet_556x45mmNATO,1.5,6.0,0.37,1,0.07,0.53,1.66,35,1.3,,,,10,4,,,,,Snapshot,Bullet_556x45mmNATO_FMJ,14,Bullet,6,34.18,168,,,False,19.9,0.3,4.0,1.5,12,70,1,0.3,0.95
Gun_SniperRifle,M24,RimWorld,Industrial,sniper,False,True,AmmoSet_762x51mmNATO,7.3,11.92,1.36,2.6,0.05,1.35,1.5,75,1.8,,,,5,4,,,,,AimedShot,Bullet_762x51mmNATO_FMJ,20,Bullet,7,66.72,156,,,False,44.9,3.5,1.5,4,25,100,,0.7,0.9
Gun_SniperRifle_Unique,unique sniper rifle,Odyssey,Industrial,other,True,True,AmmoSet_762x51mmNATO,7.3,11.92,1.36,2.6,0.05,1.35,1.5,75,1.8,,,,5,4,,,,,AimedShot,Bullet_762x51mmNATO_FMJ,20,Bullet,7,66.72,156,,,False,44.9,3.5,1.5,4,25,100,,0.7,0.9
Gun_Spiner,spiner,Biotech,Industrial,other,False,False,,1,2.0,0.37,1,0.16,0.33,1.42,15,1.1,,,,,,,,,,Snapshot,Bullet_5x16mmCharged,9,Bullet,8,10.8,122,,,True,6.9,0.3,1.8,1,12,70,1,0.3,0.95
Gun_TacticalTurret,tactical turret gun,Anomaly,,turret,False,True,AmmoSet_556x45mmNATO,5,,0.36,1,0.11,0.63,1.35,40,1.3,10,5,720,60,7.8,,,true,true,AimedShot,Bullet_556x45mmNATO_FMJ,14,Bullet,6,34.18,168,,,False,19.9,0,4.8,5,12,70,2,0.7,0.24
Gun_ThumpCannon,thump cannon,RimWorld,Spacer,launcher,False,True,AmmoSet_164x284mmDemo,50.0,20.0,2.2,1,0.01,0.21,0.1,42,3.3,1,,,1,9.8,,,,,AimedShot,Bullet_164x284mmDemo,40,Thump,0,0,61,,,False,24.9,1,4,20,9,50,,0.87,0.64
Gun_ToxicNeedle,toxic needle gun,Biotech,Spacer,sniper,False,True,AmmoSet_5x50mmCaselessToxic,2.6,15.0,0.38,2.24,0.01,0.85,1.8,75,1.5,4,12,300,20,4,,2,,,AimedShot,Bullet_5x50mmCaseless_Toxic,11,BulletToxic,26,112.5,242,,,False,44.9,2.35,2.1,2.6,25,90,,0.8,0.92
Gun_TripleRocket,triple rocket launcher,RimWorld,Spacer,launcher,False,False,,12.0,13.0,1.5,1,0.2,2.2,,40,1.9,3,20,180,,,,,,true,AimedShot,Bullet_Rocket,180,Bomb,,,100,,,False,35.9,4.5,4.5,7,,50,3,,
Gun_TurretFoam,foam sprayer,RimWorld,,turret,False,False,,5,,0.1,,,,,19.9,0,41,2,1800,,,,,,,,Proj_Foam,9999,Extinguish,,,27,,,False,19.9,0,0.1,5,9999,27,41,1,1
Gun_TurretSniper,flak turret,CombatExtended,Industrial,turret,False,True,AmmoSet_40x311mmR,50,,0.5,2.36,0.01,1.89,4.15,86,4.6,,,,20,6.8,,,true,,AimedShot,Bullet_40x311mmR_AP,105,Bullet,70,6502.5,158,,,False,45.9,0,3.2,40,55,120,1,0.33,0.95
NerveSpiker,nerve spiker,Anomaly,Medieval,bow,False,True,AmmoSet_NerveSpikerBolt,3.5,6,1,1,0.5,1.2,,28,1.0,,,,1,4,,,,,AimedShot,Projectile_NerveSpikerBolt,11,NerveBioferrite,5,10.8,34,,,False,29.9,1.45,1.65,1.3,11,44,,0.78,0.35
Pila,javelins,CombatExtended,Neolithic,bow,False,False,,2.0,4.25,1,1.0,1.5,2.5,,9,0.8,,,,,,,,,,,Pilum_Thrown,14,RangedStab,3,6.54,14,,,False,18.9,4,2.5,4,25,26,,0.71,0.32
Weapon_GrenadeEMP,EMP grenade,RimWorld,Industrial,grenade,False,False,,0.4,0.87,1,1.0,,,,10,0.8,,,,,,,,,,,Proj_GrenadeEMP,56,EMP,,,12,,,False,12.9,1.5,2.66,1,,12,,,
Weapon_GrenadeFrag,frag grenade,RimWorld,Industrial,grenade,False,False,,0.4,0.87,1,1.0,,,,10.0,0.8,,,,,,,,,,,Proj_GrenadeFrag,56,Bomb,,,12,,,False,12.9,1.5,2.66,1,,12,,,
Weapon_GrenadeMolotov,Molotov cocktail,RimWorld,Industrial,grenade,False,False,,0.7,1.96,1,1.0,,,,10,0.8,,,,,,,,,,,Proj_GrenadeMolotov,11,PrometheumFlame,,,12,,,False,12.9,1.5,2.66,1,,12,,,
Weapon_GrenadeTox,tox grenade,Biotech,Industrial,grenade,False,False,,0.539,1.05,1,1.0,,,,10,0.8,,,,,,,,,,,Proj_GrenadeTox,,ToxGas,,,12,,,False,12.9,1.5,2.66,1,,12,,,
