defName,stuff,quality,kind,tier,coverage,sharp,blunt,heat,ins_cold,ins_heat,hp,mass,flammability,work,market_value,stuff_units,protection,api,mod,stuffed,cost_stuff_count,explicit_market_value,has_recipe,move_speed_offset,layers,groups,armor_mult,ins_cold_mult,ins_heat_mult,tier_ord
Apparel_ShieldBelt,,Normal,utility,Spacer,0.0,0,0,0,0.0,0.0,100,3,0.4,14000,390,0,0.0,0.0,Core,False,0,False,True,0,Belt,Waist,,,,3
Apparel_CowboyHat,Cloth,Normal,helmet,Medieval,0.0366,0.072,0,0.036,1.8,9.0,80,0.14,1.2,1800,43.98,25,0.0149,0.054,Core,True,25,False,True,0,Overhead,UpperHead,0.2,0.1,0.5,1
Apparel_BowlerHat,Cloth,Normal,helmet,Medieval,0.0366,0.072,0,0.036,1.8,7.2,80,0.14,1.2,1800,36.48,20,0.0149,0.054,Core,True,20,False,True,0,Overhead,UpperHead,0.2,0.1,0.4,1
Apparel_TribalHeaddress,Cloth,Normal,helmet,Neolithic,0.0366,0.072,0,0.036,1.8,2.7,100,0.11,1.2,6000,96.6,50,0.0149,0.054,Core,True,50,False,True,0,Overhead,UpperHead,0.2,0.1,0.15,0
Apparel_Tuque,Cloth,Normal,helmet,Medieval,0.0366,0.072,0,0.036,9.0,0.0,80,0.07,1.2,1200,34.32,20,0.0149,0.054,Core,True,20,False,True,0,Overhead,UpperHead,0.2,0.5,0,1
Apparel_WarMask,WoodLog,Normal,helmet,Neolithic,0.06,0.162,0.162,0.12,0.4,0.2,52,1.4,1.0,2100,37.56,25,0.07,0.42,Core,True,25,False,True,0,Overhead,FullHead,0.3,0.05,0.05,0
Apparel_WarVeil,Cloth,Normal,helmet,Neolithic,0.06,0.072,0,0.036,0.9,0.9,80,0.08,1.2,1400,35.04,20,0.0149,0.089,Core,True,20,False,True,0,Overhead,FullHead,0.2,0.05,0.05,0
Apparel_SimpleHelmet,Steel,Normal,helmet,Industrial,0.0366,0.45,0.225,0.3,0.45,0.0,100,2.0,0.4,3200,87.52,40,0.2109,0.772,Core,True,40,False,True,0,Overhead,UpperHead,0.5,0.15,0,2
Apparel_AdvancedHelmet,Steel,Normal,helmet,Industrial,0.0366,0.63,0.315,0.42,0.45,0.0,120,1.2,0.4,8000,260,40,0.3223,1.18,Core,True,40,False,True,0,Overhead,UpperHead,0.7,0.15,0,2
Apparel_PowerArmorHelmet,,Normal,helmet,Spacer,0.06,1.06,0.45,0.54,4.0,2.0,150,1.5,0.4,21000,635,0,0.5486,3.292,Core,False,0,False,True,0,Overhead,FullHead,,,,3
Apparel_ArmorHelmetRecon,,Normal,helmet,Spacer,0.06,0.92,0.4,0.46,4.0,2.0,120,1,0.4,15750,525,0,0.4732,2.84,Core,False,0,False,True,0,Overhead,FullHead,,,,3
Apparel_PsychicFoilHelmet,,Normal,helmet,Medieval,0.0366,0.09,0.09,0.27,2.0,1.0,80,1.0,0.4,1,250,0,0.0608,0.222,Core,False,0,True,False,0,Overhead,UpperHead,,,,1
Apparel_HatHood,Cloth,Normal,helmet,Medieval,0.0366,0.072,0,0.036,1.8,4.5,80,0.1,1.2,6000,96.6,50,0.0149,0.054,Core,True,50,False,True,0,Overhead,UpperHead,0.2,0.1,0.25,1
Apparel_ClothMask,Cloth,Normal,helmet,Neolithic,0.009,0.072,0,0.036,0.36,0.36,40,0.04,1.2,800,17.88,10,0.0149,0.013,Core,True,10,False,True,0,Overhead,Mouth,0.2,0.02,0.02,0
Apparel_SmokepopBelt,,Normal,utility,Industrial,0.0,0,0,0,0.0,0.0,100,3,0.4,3600,174.96,0,0.0,0.0,Core,False,0,False,True,0,Belt,Waist,,,,2
Apparel_FirefoampopPack,,Normal,utility,Industrial,0.0,0,0,0,0.0,0.0,100,3,0.4,3600,151.96,0,0.0,0.0,Core,False,0,False,True,0,Belt,Waist,,,,2
Apparel_PsychicShockLance,,Normal,utility,Archotech,0.0,0,0,0,0.0,0.0,80,0.5,1.0,1,550,0,0.0,0.0,Core,False,0,True,False,0,Belt,Waist,,,,5
Apparel_PsychicInsanityLance,,Normal,utility,Archotech,0.0,0,0,0,0.0,0.0,80,0.5,1.0,1,650,0,0.0,0.0,Core,False,0,True,False,0,Belt,Waist,,,,5
Apparel_TribalA,Cloth,Normal,base clothing,Neolithic,0.6786,0.072,0,0.036,9.9,9.9,100,0.5,1.2,1800,96.48,60,0.0149,1.008,Core,True,60,False,True,0,OnSkin,Torso/Legs,0.2,0.55,0.55,0
Apparel_Parka,Cloth,Normal,torso outer,Neolithic,0.6341,0.072,0,0.036,36.0,0.0,180,2.0,1.2,8000,148.8,80,0.0149,0.942,Core,True,80,False,True,0,Shell,Torso/Neck/Shoulders/Arms,0.2,2.0,0.0,0
Apparel_Pants,Cloth,Normal,legwear,Medieval,0.252,0.072,0,0.036,3.6,1.44,100,0.5,1.2,1600,65.76,40,0.0149,0.374,Core,True,40,False,True,0,OnSkin,Legs,0.2,0.2,0.08,1
Apparel_BasicShirt,Cloth,Normal,base clothing,Medieval,0.4602,0.072,0,0.036,3.96,1.8,100,0.25,1.2,1600,65.76,40,0.0149,0.683,Core,True,40,False,True,0,OnSkin,Torso/Shoulders,0.2,0.22,0.1,1
Apparel_CollarShirt,Cloth,Normal,base clothing,Medieval,0.6341,0.072,0,0.036,4.68,1.8,100,0.3,1.2,2700,77.22,45,0.0149,0.942,Core,True,45,False,True,0,OnSkin,Torso/Neck/Shoulders/Arms,0.2,0.26,0.1,1
Apparel_Duster,Cloth,Normal,full body,Medieval,0.8861,0.108,0,0.054,10.8,15.3,200,2.0,1.2,10000,156.0,80,0.0223,1.974,Core,True,80,False,True,0,Shell,Torso/Neck/Shoulders/Arms/Legs,0.3,0.6,0.85,1
Apparel_Jacket,Cloth,Normal,torso outer,Medieval,0.6341,0.108,0,0.054,14.4,5.4,160,1.7,1.2,7000,130.2,70,0.0223,1.413,Core,True,70,False,True,0,Shell,Torso/Neck/Shoulders/Arms,0.3,0.8,0.3,1
Apparel_PlateArmor,Steel,Normal,full body,Medieval,0.8861,0.81,0.405,0.54,3.0,0.0,290,15.0,0.4,38000,460,170,0.4337,38.43,Core,True,170,False,True,-0.8,Middle/Shell,Torso/Neck/Shoulders/Arms/Legs,0.9,1.0,0,1
Apparel_FlakVest,,Normal,torso vest,Industrial,0.4416,1.0,0.36,0.27,1.0,0.0,200,4,0.6,9000,225,0,0.4804,21.213,Core,False,0,False,True,-0.12,Middle,Torso/Neck,,,,2
Apparel_FlakPants,,Normal,legwear,Industrial,0.252,0.55,0.08,0.1,3.5,1.0,200,4,0.6,9000,225,0,0.2062,5.198,Core,False,0,False,True,-0.12,OnSkin/Middle,Legs,,,,2
Apparel_FlakJacket,,Normal,torso outer,Industrial,0.6341,0.55,0.08,0.1,14.4,3.0,200,7,0.6,14000,290,0,0.2062,13.079,Core,False,0,False,True,-0.12,Shell,Torso/Neck/Shoulders/Arms,,,,2
Apparel_PowerArmor,,Normal,full body,Spacer,0.8861,1.06,0.45,0.54,68.0,10.0,340,12,0.4,60000,2035,0,0.5486,48.615,Core,False,0,False,True,-0.25,Middle/Shell,Torso/Neck/Shoulders/Arms/Legs,,,,3
Apparel_ArmorRecon,,Normal,full body,Spacer,0.8861,0.92,0.4,0.46,64.0,9.0,280,9,0.4,45000,1540,0,0.4732,41.936,Core,False,0,False,True,0,Middle/Shell,Torso/Neck/Shoulders/Arms/Legs,,,,3
Apparel_Cape,Cloth,Normal,full body,Medieval,0.8861,0.108,0,0.054,10.8,15.3,200,2.0,1.2,16000,177.6,80,0.0223,1.974,Core,True,80,False,True,0,Shell,Torso/Neck/Shoulders/Arms/Legs,0.3,0.6,0.85,1
Apparel_Robe,Cloth,Normal,full body,Medieval,0.8711,0.072,0,0.036,14.4,4.5,100,0.75,1.2,5000,138.0,80,0.0149,1.294,Core,True,80,False,True,0,Shell,Torso/Shoulders/Arms/Legs,0.2,0.8,0.25,1
OrbitalTargeterBombardment,,Normal,utility,Spacer,0.0,0,0,0,0.0,0.0,100,0.2,0.5,1,1200,0,0.0,0.0,Core,False,0,True,False,0,Belt,Waist,,,,3
OrbitalTargeterPowerBeam,,Normal,utility,Spacer,0.0,0,0,0,0.0,0.0,100,0.2,0.5,1,1200,0,0.0,0.0,Core,False,0,True,False,0,Belt,Waist,,,,3
TornadoGenerator,,Normal,utility,Spacer,0.0,0,0,0,0.0,0.0,100,0.2,0.5,1,800,0,0.0,0.0,Core,False,0,True,False,0,Belt,Waist,,,,3
Apparel_PackJump,,Normal,utility,Industrial,0.0,0,0,0,0.0,0.0,100,3,0.4,14000,645,0,0.0,0.0,Royalty,False,0,False,True,0,Belt,Waist,,,,2
Apparel_PackBroadshield,,Normal,utility,Industrial,0.0,0,0,0,0.0,0.0,100,3,0.4,14000,430,0,0.0,0.0,Royalty,False,0,False,True,0,Belt,Waist,,,,2
Apparel_PsyfocusHelmet,,Normal,helmet,Ultra,0.0366,0.09,0.09,0.27,4.0,1.0,80,0.8,1.0,1,500,0,0.0608,0.222,Royalty,False,0,True,False,0,Overhead,UpperHead,,,,4
Apparel_EltexSkullcap,,Normal,helmet,Ultra,0.0366,0,0,0,0.0,0.0,80,0.8,1.0,1,500,0,0.0,0.0,Royalty,False,0,True,False,0,Overhead,UpperHead,,,,4
Apparel_PsyfocusShirt,,Normal,base clothing,Ultra,0.4602,0.07,0,0.04,5.0,1.0,100,0.25,1.0,1,400,0,0.015,0.69,Royalty,False,0,True,False,0,OnSkin,Torso/Shoulders,,,,4
Apparel_PsyfocusVest,,Normal,torso vest,Ultra,0.4752,0.07,0,0.04,6.0,1.0,100,0.5,1.0,1,500,0,0.015,0.713,Royalty,False,0,True,False,0,Middle,Torso/Neck/Shoulders,,,,4
Apparel_PsyfocusRobe,,Normal,full body,Ultra,0.8861,0.07,0,0.04,15.0,1.0,100,0.5,1.0,1,600,0,0.015,1.329,Royalty,False,0,True,False,0,Shell,Torso/Neck/Shoulders/Arms/Legs,,,,4
Apparel_ShirtRuffle,Cloth,Normal,base clothing,Medieval,0.6341,0.072,0,0.036,3.96,1.8,100,0.25,1.2,6000,119.1,65,0.0149,0.942,Royalty,True,65,False,True,0,OnSkin,Torso/Shoulders/Arms/Neck,0.2,0.22,0.1,1
Apparel_Corset,Cloth,Normal,torso vest,Medieval,0.4266,0.072,0,0.036,7.2,1.8,100,0.75,1.2,12000,110.7,45,0.0149,0.634,Royalty,True,45,False,True,0,Middle,Torso,0.2,0.4,0.1,1
Apparel_VestRoyal,Cloth,Normal,torso vest,Medieval,0.4266,0.072,0,0.036,7.2,1.8,100,0.75,1.2,12000,110.7,45,0.0149,0.634,Royalty,True,45,False,True,0,Middle,Torso,0.2,0.4,0.1,1
Apparel_RobeRoyal,Cloth,Normal,full body,Medieval,0.8861,0.072,0,0.036,14.4,4.5,100,0.75,1.2,20000,220,100,0.0149,1.316,Royalty,True,100,False,True,0,Shell,Torso/Neck/Shoulders/Arms/Legs,0.2,0.8,0.25,1
Apparel_HatLadies,Cloth,Normal,helmet,Medieval,0.0366,0,0,0,1.8,4.5,80,0.1,1.2,6000,96.6,50,0.0,0.0,Royalty,True,50,False,True,0,Overhead,UpperHead,,0.1,0.25,1
Apparel_HatTop,Cloth,Normal,helmet,Medieval,0.0366,0,0,0,1.8,4.5,80,0.1,1.2,6000,96.6,50,0.0,0.0,Royalty,True,50,False,True,0,Overhead,UpperHead,,0.1,0.25,1
Apparel_Coronet,Steel,Normal,helmet,Medieval,0.0366,0,0,0,0.0,0.0,80,0.7,0.4,8000,123.8,50,0.0,0.0,Royalty,True,50,False,True,0,Overhead,UpperHead,,,,1
Apparel_Crown,Steel,Normal,helmet,Medieval,0.0366,0,0,0,0.0,0.0,80,0.9,0.4,12000,185.7,75,0.0,0.0,Royalty,True,75,False,True,0,Overhead,UpperHead,,,,1
Apparel_CrownStellic,Steel,Normal,helmet,Medieval,0.0366,0,0,0,0.0,0.0,80,0.9,0.4,1.0,161.5,85,0.0,0.0,Royalty,True,85,False,False,0,Overhead,UpperHead,,,,1
Apparel_Beret,Cloth,Normal,helmet,Medieval,0.0366,0,0,0,1.26,2.7,80,0.1,1.2,4000,66.9,35,0.0,0.0,Royalty,True,35,False,True,0,Overhead,UpperHead,,0.07,0.15,1
Apparel_ArmorReconPrestige,,Normal,full body,Spacer,0.8861,0.92,0.4,0.46,64.0,9.0,280,9,0.4,90000,1975,0,0.4732,41.936,Royalty,False,0,False,True,0,Middle/Shell,Torso/Neck/Shoulders/Arms/Legs,,,,3
Apparel_ArmorHelmetReconPrestige,,Normal,helmet,Spacer,0.06,0.92,0.4,0.46,4.0,2.0,120,1,0.4,31500,715,0,0.4732,2.84,Royalty,False,0,False,True,0,Overhead,FullHead,,,,3
Apparel_ArmorMarinePrestige,,Normal,full body,Spacer,0.8861,1.06,0.45,0.54,68.0,10.0,340,12,0.4,120000,2530,0,0.5486,48.615,Royalty,False,0,False,True,-0.25,Middle/Shell,Torso/Neck/Shoulders/Arms/Legs,,,,3
Apparel_ArmorMarineHelmetPrestige,,Normal,helmet,Spacer,0.06,1.06,0.45,0.54,4.0,2.0,150,1.5,0.4,42000,850,0,0.5486,3.292,Royalty,False,0,False,True,0,Overhead,FullHead,,,,3
Apparel_ArmorCataphract,,Normal,full body,Spacer,0.8861,1.2,0.5,0.6,70.0,12.0,400,15,0.4,75000,3120,0,0.6088,53.943,Royalty,False,0,False,True,-0.5,Middle/Shell,Torso/Neck/Shoulders/Arms/Legs,,,,3
Apparel_ArmorHelmetCataphract,,Normal,helmet,Spacer,0.06,1.2,0.5,0.6,4.0,2.0,180,2,0.4,26250,745,0,0.6088,3.652,Royalty,False,0,False,True,0,Overhead,FullHead,,,,3
Apparel_ArmorCataphractPrestige,,Normal,full body,Spacer,0.8861,1.2,0.5,0.6,70.0,12.0,400,15,0.4,150000,3930,0,0.6088,53.943,Royalty,False,0,False,True,-0.5,Middle/Shell,Torso/Neck/Shoulders/Arms/Legs,,,,3
Apparel_ArmorHelmetCataphractPrestige,,Normal,helmet,Spacer,0.06,1.2,0.5,0.6,4.0,2.0,180,2,0.4,52500,1155,0,0.6088,3.652,Royalty,False,0,False,True,0,Overhead,FullHead,,,,3
Apparel_ArmorLocust,,Normal,full body,Spacer,0.8861,0.87,0.35,0.41,64.0,9.0,280,9,0.4,45000,2230,0,0.4358,38.613,Royalty,False,0,False,True,0,Middle/Shell,Torso/Neck/Shoulders/Arms/Legs,,,,3
Apparel_ArmorMarineGrenadier,,Normal,full body,Spacer,0.8861,1.01,0.4,0.49,68.0,10.0,340,12,0.4,60000,2305,0,0.5161,45.735,Royalty,False,0,False,True,-0.25,Middle/Shell,Torso/Neck/Shoulders/Arms/Legs,,,,3
Apparel_ArmorCataphractPhoenix,,Normal,full body,Spacer,0.8861,1.15,0.45,0.75,70.0,100.0,400,15,0.1,75000,3480,0,0.6038,53.5,Royalty,False,0,False,True,-0.5,Middle/Shell,Torso/Neck/Shoulders/Arms/Legs,,,,3
Apparel_Gunlink,,Normal,helmet,Spacer,0.0366,0,0,0,0.0,0.0,120,1,0.4,15750,345,0,0.0,0.0,Royalty,False,0,False,True,0,Overhead,UpperHead,,,,3
OrbitalTargeterMechCluster,,Normal,utility,Spacer,0.0,0,0,0,0.0,0.0,100,0.2,0.5,1,1200,0,0.0,0.0,Royalty,False,0,True,False,0,Belt,Waist,,,,3
Apparel_Headwrap,Cloth,Normal,helmet,Neolithic,0.0366,0.09,0,0.045,1.8,1.8,80,0.08,1.2,1400,35.04,20,0.0186,0.068,Ideology,True,20,False,True,0,Overhead,UpperHead,0.25,0.1,0.1,0
Apparel_Broadwrap,Cloth,Normal,helmet,Neolithic,0.1086,0.09,0,0.045,3.6,3.6,80,0.1,1.2,1800,51.48,30,0.0186,0.202,Ideology,True,30,False,True,0,Overhead,FullHead/Neck/Shoulders,0.25,0.2,0.2,0
Apparel_VisageMask,Steel,Normal,helmet,Neolithic,0.06,0.27,0.135,0.18,0.15,0.0,90,0.1,0.4,2000,35.7,15,0.1041,0.624,Ideology,True,15,False,True,0,Overhead,FullHead,0.3,0.05,0.05,0
Apparel_Slicecap,Steel,Normal,helmet,Medieval,0.0366,0.09,0.045,0.06,0.0,0.0,80,0.8,0.4,2000,35.7,15,0.0287,0.105,Ideology,True,15,False,True,0,Overhead,UpperHead,0.1,0,0.1,1
Apparel_Collar,Steel,Normal,helmet,Medieval,0.015,0,0,0,0.0,0.0,80,0.14,0.4,1800,53.98,25,0.0,0.0,Ideology,True,25,False,True,0,Overhead,Neck,0.0,0.0,0.0,1
Apparel_AuthorityCap,Cloth,Normal,helmet,Medieval,0.0366,0.072,0,0.036,1.8,1.8,80,0.1,1.2,1500,42.9,25,0.0149,0.054,Ideology,True,25,False,True,0,Overhead,UpperHead,0.2,0.1,0.1,1
Apparel_Tailcap,Leather_Plain,Normal,helmet,Medieval,0.0366,0.162,0.048,0.3,8.0,0.0,104,0.1,1.0,1400,47.04,20,0.0688,0.252,Ideology,True,20,False,True,0,Overhead,UpperHead,0.2,0.5,0,1
Apparel_Shadecone,Cloth,Normal,helmet,Medieval,0.0366,0.072,0,0.036,1.8,9.0,80,0.14,1.2,1800,43.98,25,0.0149,0.054,Ideology,True,25,False,True,0,Overhead,UpperHead,0.2,0.1,0.5,1
Apparel_Flophat,Cloth,Normal,helmet,Medieval,0.0366,0.072,0,0.036,9.0,0.0,80,0.07,1.2,1200,34.32,20,0.0149,0.054,Ideology,True,20,False,True,0,Overhead,UpperHead,0.2,0.5,0,1
Apparel_BodyStrap,Cloth,Normal,torso outer,Medieval,0.4266,0.036,0,0.018,1.8,1.8,160,1.5,1.2,7000,130.2,70,0.0074,0.317,Ideology,True,70,False,True,0,Shell,Torso,0.1,0.1,0.1,1
Apparel_Burka,Cloth,Normal,full body,Neolithic,0.9461,0.072,0,0.036,1.8,3.6,100,1.0,1.2,4000,104.4,60,0.0149,1.405,Ideology,True,60,False,True,-0.4,Shell,FullHead/UpperHead/Neck/Shoulders/Torso/Legs/Arms,0.2,0.1,0.2,0
Apparel_TortureCrown,Steel,Normal,helmet,Medieval,0.0366,0.135,0.0675,0.09,0.0,0.0,80,0.9,0.4,1200,51.82,25,0.043,0.157,Ideology,True,25,False,True,0,Overhead,UpperHead,0.15,,,1
Apparel_Blindfold,Cloth,Normal,helmet,Medieval,0.0192,0.036,0,0.018,6.3,0.0,80,0.07,1.2,1200,34.32,20,0.0074,0.014,Ideology,True,20,False,True,0,EyeCover,Eyes,0.1,0.35,0,1
Apparel_KidRomper,Cloth,Normal,full body,Medieval,0.8861,0.072,0,0.036,3.96,1.8,50,0.18,1.2,2000,52.2,30,0.0149,1.316,Biotech,True,30,False,True,0,OnSkin,Torso/Neck/Shoulders/Arms/Legs,0.2,0.22,0.1,1
Apparel_KidShirt,Cloth,Normal,base clothing,Medieval,0.4602,0.072,0,0.036,3.96,1.8,50,0.15,1.2,1280,34.61,20,0.0149,0.683,Biotech,True,20,False,True,0,OnSkin,Torso/Shoulders,0.2,0.22,0.1,1
Apparel_KidPants,Cloth,Normal,legwear,Medieval,0.252,0.072,0,0.036,3.6,1.44,50,0.25,1.2,1280,34.61,20,0.0149,0.374,Biotech,True,20,False,True,0,OnSkin,Legs,0.2,0.2,0.08,1
Apparel_KidParka,Cloth,Normal,torso outer,Neolithic,0.6341,0.072,0,0.036,27.0,0.0,100,1.0,1.2,6400,83.04,40,0.0149,0.942,Biotech,True,40,False,True,0,Shell,Torso/Neck/Shoulders/Arms,0.2,1.5,0.0,0
Apparel_KidTribal,Cloth,Normal,base clothing,Neolithic,0.6786,0.072,0,0.036,9.0,9.0,60,0.5,1.2,1400,50.04,30,0.0149,1.008,Biotech,True,30,False,True,0,OnSkin,Torso/Legs,0.2,0.5,0.5,0
Apparel_KidHelmet,Steel,Normal,helmet,Industrial,0.0366,0.45,0.225,0.3,0.45,0.0,60,1.0,0.4,2000,45.2,20,0.2109,0.772,Biotech,True,20,False,True,0,Overhead,UpperHead,0.5,0.15,0,2
Apparel_AirwireHeadset,,Normal,helmet,Spacer,0.0366,0,0,0,0.0,0.0,60,0.08,1.0,2100,230,0,0.0,0.0,Biotech,False,0,False,True,0,Overhead,UpperHead,,,,3
Apparel_ArrayHeadset,,Normal,helmet,Spacer,0.0366,0,0,0,0.0,0.0,60,0.08,1.0,2100,360,0,0.0,0.0,Biotech,False,0,False,True,0,Overhead,UpperHead,,,,3
Apparel_IntegratorHeadset,,Normal,helmet,Spacer,0.0366,0,0,0,0.0,0.0,120,1,0.4,15750,2435,0,0.0,0.0,Biotech,False,0,False,True,0,Overhead,UpperHead,,,,3
Apparel_ArmorHelmetMechCommander,,Normal,helmet,Spacer,0.06,0.69,0.3,0.345,3.0,1.5,150,1,0.4,15750,1290,0,0.3381,2.028,Biotech,False,0,False,True,0,Overhead,FullHead,,,,3
Apparel_ArmorHelmetMechlordHelmet,,Normal,helmet,Spacer,0.06,0.92,0.4,0.46,4.0,2.0,240,1,0.4,15750,5335,0,0.4732,2.84,Biotech,False,0,False,True,0,Overhead,FullHead,,,,3
Apparel_GasMask,,Normal,helmet,Industrial,0.06,0.18,0.3,0,1.5,0.0,80,0.4,1.0,6000,105.6,0,0.0878,0.526,Biotech,False,0,False,True,0,Overhead,FullHead,,,,2
Apparel_HeavyShield,,Normal,torso vest,Medieval,0.4266,0,0,0,0.0,0.0,100,3,0,1,0,0,0.0,0.0,Biotech,False,0,False,False,0,Middle,Torso,,,,1
Apparel_PackControl,,Normal,utility,Spacer,0.0,0,0,0,0.0,0.0,100,3,0.4,3200,395,0,0.0,0.0,Biotech,False,0,False,True,0,Belt,Waist,,,,3
Apparel_PackBandwidth,,Normal,utility,Spacer,0.0,0,0,0,0.0,0.0,100,3,0.4,3200,1365,0,0.0,0.0,Biotech,False,0,False,True,0,Belt,Waist,,,,3
Apparel_PackTox,,Normal,utility,Industrial,0.0,0,0,0,0.0,0.0,100,3,0.6,3600,144.46,0,0.0,0.0,Biotech,False,0,False,True,0,Belt,Waist,,,,2
Apparel_MechlordSuit,,Normal,full body,Spacer,0.8861,0.92,0.4,0.46,64.0,9.0,340,12,0.4,60000,7015,0,0.4732,41.936,Biotech,False,0,False,True,-0.25,Middle/Shell,Torso/Neck/Shoulders/Arms/Legs,,,,3
Apparel_Bandolier,Cloth,Normal,torso outer,Industrial,0.4266,0.036,0,0.018,1.8,1.8,50,1.5,1.2,3500,125.1,75,0.0074,0.317,Biotech,True,75,False,True,0,Shell,Torso,0.1,0.1,0.1,2
Apparel_Sash,Cloth,Normal,torso vest,Industrial,0.4266,0.036,0,0.018,1.8,1.8,50,0.5,1.2,1000,41.1,25,0.0074,0.317,Biotech,True,25,False,True,0,Middle,Torso,0.1,0.1,0.1,2
Apparel_CultistMask,Bioferrite,Normal,helmet,Neolithic,0.06,0.33,0.15,0.15,0.5,0.0,160,1.4,0.75,7500,45.75,25,0.126,0.756,Anomaly,True,25,False,True,0,Overhead,FullHead,0.3,0.2,0.1,0
Apparel_CeremonialCultistMask,Cloth,Normal,helmet,Neolithic,0.06,0.144,0,0.072,9.0,1.8,90,0.1,1.2,2000,44.7,20,0.0297,0.178,Anomaly,True,20,False,True,0,Overhead,FullHead,0.4,0.5,0.1,0
Apparel_DisruptorFlarePack,,Normal,utility,Industrial,0.0,0,0,0,0.0,0.0,100,3,0.4,7200,80.42,0,0.0,0.0,Anomaly,False,0,False,True,0,Belt,Waist,,,,2
Apparel_PackTurret,,Normal,utility,Industrial,0.0,0,0,0,0.0,0.0,100,3,0.6,10000,235,0,0.0,0.0,Anomaly,False,0,False,True,0,Belt,Waist,,,,2
Apparel_DeadlifePack,,Normal,utility,Industrial,0.0,0,0,0,0.0,0.0,100,3,0.6,6500,445,0,0.0,0.0,Anomaly,False,0,False,True,0,Belt,Waist,,,,2
Apparel_ShardPsychicShockLance,,Normal,utility,Archotech,0.0,0,0,0,0.0,0.0,60,0.7,1.0,18000,510,0,0.0,0.0,Anomaly,False,0,False,True,0,Belt,Waist,,,,5
Apparel_ShardPsychicInsanityLance,,Normal,utility,Archotech,0.0,0,0,0,0.0,0.0,60,0.7,1.0,21000,530,0,0.0,0.0,Anomaly,False,0,False,True,0,Belt,Waist,,,,5
Apparel_BiomutationLance,,Normal,utility,Archotech,0.0,0,0,0,0.0,0.0,80,0.5,1.0,21000,850,0,0.0,0.0,Anomaly,False,0,True,True,0,Belt,Waist,,,,5
Apparel_LabCoat,Cloth,Normal,torso outer,Industrial,0.6341,0.072,0,0.036,9.0,10.8,140,1.5,1.2,5000,123.0,70,0.0149,0.942,Anomaly,True,70,False,True,0,Shell,Torso/Neck/Shoulders/Arms,0.2,0.5,0.6,2
Apparel_VacsuitHelmet,,Normal,helmet,Spacer,0.06,0.52,0.24,0.66,6.0,4.0,120,1.5,0.4,15000,194.0,0,0.2858,1.715,Odyssey,False,0,False,True,0,Overhead,FullHead,,,,3
Apparel_PackHunter,,Normal,utility,Industrial,0.0,0,0,0,0.0,0.0,100,3,0.6,10000,305,0,0.0,0.0,Odyssey,False,0,False,True,0,Belt,Waist,,,,2
Apparel_CerebrexNode,,Normal,utility,Spacer,0.0,0,0,0,0.0,0.0,100,5,0,1,5000,0,0.0,0.0,Odyssey,False,0,True,False,0,Belt,Waist,,,,3
Apparel_Vacsuit,,Normal,full body,Spacer,0.8861,0.52,0.25,0.66,90.0,15.0,180,12,0.4,48000,620,0,0.2876,25.487,Odyssey,False,0,False,True,-1.25,Middle/Shell,Torso/Neck/Shoulders/Arms/Legs,,,,3
Apparel_VacsuitChildren,,Normal,full body,Spacer,0.8861,0.52,0.2,0.66,90.0,15.0,100,8,0.4,20000,345,0,0.2782,24.657,Odyssey,False,0,False,True,-1.25,Middle/Shell,Torso/Neck/Shoulders/Arms/Legs,,,,3
