defName,twin_excluded,work_actual,mass_actual,hp_actual,cost_total_actual,market_value_actual,work_baseline,mass_baseline,hp_baseline,cost_total_baseline,market_value_baseline
Apparel_CowboyHat,False,1800,0.14,80,25,43.98,1897.37,0.1,80.0,25.0,44.33
Apparel_BowlerHat,False,1800,0.14,80,20,36.48,1897.37,0.1,80.0,25.0,44.33
Apparel_TribalHeaddress,False,6000,0.11,100,50,96.6,1604.54,0.09,76.03,19.01,34.29
Apparel_Tuque,False,1200,0.07,80,20,34.32,1897.37,0.12,80.0,25.0,44.33
Apparel_WarMask,False,2100,1.4,52,25,37.56,1776.35,0.09,89.28,21.04,29.73
Apparel_WarVeil,False,1400,0.08,80,20,35.04,2000.0,0.1,89.28,23.53,42.49
Apparel_SimpleHelmet,False,3200,2.0,100,40,87.52,4000.0,1.1,84.85,28.28,68.14
Apparel_AdvancedHelmet,False,8000,1.2,120,40,260,2529.82,1.41,77.46,28.28,62.85
Apparel_PowerArmorHelmet,False,21000,1.5,150,560,635,16571.8,1.05,132.85,624.5,684.16
Apparel_ArmorHelmetRecon,False,15750,1,120,470,525,17436.47,1.11,141.16,624.5,687.27
Apparel_HatHood,False,6000,0.1,80,50,96.6,1800.0,0.12,80.0,25.0,43.98
Apparel_ClothMask,False,800,0.04,40,10,17.88,1443.59,0.07,64.44,16.98,30.67
Apparel_TribalA,False,1800,0.5,100,60,96.48,1400.0,0.5,60.0,30.0,50.04
Apparel_Parka,False,8000,2.0,180,80,148.8,6400.0,1.0,100.0,40.0,83.04
Apparel_Pants,False,1600,0.5,100,40,65.76,1280.0,0.25,50.0,20.0,34.61
Apparel_BasicShirt,False,1600,0.25,100,40,65.76,2495.72,0.23,92.43,41.6,71.38
Apparel_CollarShirt,False,2700,0.3,100,45,77.22,1730.96,0.25,100.0,43.27,71.14
Apparel_Duster,False,10000,2.0,200,80,156.0,16000.0,0.75,100.42,80.34,178.11
Apparel_Jacket,False,7000,1.7,160,70,130.2,7714.64,1.65,176.33,77.15,143.49
Apparel_PlateArmor,False,38000,15.0,290,170,460,10000.0,0.75,100.42,80.0,188.0
Apparel_FlakVest,False,9000,4,200,191.0,225,37915.07,3.82,235.92,1138.93,1275.42
Apparel_FlakPants,False,9000,4,200,191.0,225,33090.15,3.12,205.89,993.99,1113.11
Apparel_FlakJacket,False,14000,7,200,240.0,290,41434.46,3.9,257.81,1244.64,1393.81
Apparel_PowerArmor,False,60000,12,340,1820,2035,60000.0,12.0,340.0,2090.5,2306.5
Apparel_ArmorRecon,False,45000,9,280,1380,1540,60000.0,12.0,340.0,2090.5,2306.5
Apparel_Cape,False,16000,2.0,200,80,177.6,10000.0,0.75,100.42,80.34,156.51
Apparel_Robe,False,5000,0.75,100,80,138.0,15932.62,1.99,199.16,79.66,176.85
Apparel_ShirtRuffle,False,6000,0.25,100,65,119.1,1730.96,0.27,100.0,43.27,71.14
Apparel_Corset,False,12000,0.75,100,45,110.7,12000.0,0.75,100.0,45.0,110.7
Apparel_VestRoyal,False,12000,0.75,100,45,110.7,12000.0,0.75,100.0,45.0,110.7
Apparel_RobeRoyal,False,20000,0.75,100,100,220,10000.0,2.0,200.0,80.0,156.0
Apparel_HatLadies,False,6000,0.1,80,50,96.6,1800.0,0.12,80.0,25.0,43.98
Apparel_HatTop,False,6000,0.1,80,50,96.6,1800.0,0.12,80.0,25.0,43.98
Apparel_Coronet,False,8000,0.7,80,50,123.8,1800.0,0.1,80.0,25.0,53.98
Apparel_Crown,False,12000,0.9,80,75,185.7,1800.0,0.1,80.0,25.0,53.98
Apparel_Beret,False,4000,0.1,80,35,66.9,1800.0,0.12,80.0,25.0,43.98
Apparel_ArmorReconPrestige,False,90000,9,280,1650,1975,60000.0,12.0,340.0,2090.5,2306.5
Apparel_ArmorHelmetReconPrestige,False,31500,1,120,600,715,16571.8,1.11,141.16,603.32,662.98
Apparel_ArmorMarinePrestige,False,120000,12,340,2100,2530,60000.0,12.0,340.0,2066.0,2282.0
Apparel_ArmorMarineHelmetPrestige,False,42000,1.5,150,700,850,16571.8,1.05,132.85,579.66,639.31
Apparel_ArmorCataphract,False,75000,15,400,2850,3120,60000.0,12.0,340.0,2066.0,2282.0
Apparel_ArmorHelmetCataphract,False,26250,2,180,650,745,16571.8,1.05,132.85,579.66,639.31
Apparel_ArmorCataphractPrestige,False,150000,15,400,3390,3930,60000.0,12.0,340.0,2066.0,2282.0
Apparel_ArmorHelmetCataphractPrestige,False,52500,2,180,965,1155,16571.8,1.05,132.85,579.66,639.31
Apparel_ArmorLocust,False,45000,9,280,2066.0,2230,60000.0,12.0,340.0,2090.5,2306.5
Apparel_ArmorMarineGrenadier,False,60000,12,340,2090.5,2305,60000.0,12.0,340.0,2066.0,2282.0
Apparel_ArmorCataphractPhoenix,False,75000,15,400,3212.5,3480,60000.0,12.0,340.0,2066.0,2282.0
Apparel_Gunlink,False,15750,1,120,290,345,14968.96,0.95,127.51,564.1,617.99
Apparel_Headwrap,False,1400,0.08,80,20,35.04,1806.56,0.09,76.65,20.2,36.8
Apparel_Broadwrap,False,1800,0.1,80,30,51.48,2281.8,0.11,101.86,24.01,44.23
Apparel_VisageMask,False,2000,0.1,90,15,35.7,1776.35,0.09,84.17,23.53,51.1
Apparel_Slicecap,False,2000,0.8,80,15,35.7,1800.0,0.1,80.0,25.0,53.98
Apparel_Collar,False,1800,0.14,80,25,53.98,1540.5,0.09,68.47,21.4,46.2
Apparel_AuthorityCap,False,1500,0.1,80,25,42.9,1897.37,0.12,80.0,25.0,44.33
Apparel_Tailcap,False,1400,0.1,104,20,47.04,1897.37,0.12,80.0,25.0,59.33
Apparel_Shadecone,False,1800,0.14,80,25,43.98,1897.37,0.1,80.0,25.0,44.33
Apparel_Flophat,False,1200,0.07,80,20,34.32,1897.37,0.12,80.0,25.0,44.33
Apparel_BodyStrap,False,7000,1.5,160,70,130.2,6351.56,1.54,145.18,63.52,118.14
Apparel_Burka,False,4000,1.0,100,60,104.4,12855.73,1.25,144.04,81.48,168.5
Apparel_TortureCrown,False,1200,0.9,80,25,51.82,1897.37,0.1,80.0,25.0,54.33
Apparel_Blindfold,False,1200,0.07,80,20,34.32,1688.11,0.11,71.18,22.24,39.44
Apparel_KidRomper,False,2000,0.18,50,30,52.2,16000.0,2.0,200.0,80.34,178.11
Apparel_KidShirt,False,1280,0.15,50,20,34.61,2495.72,0.25,92.43,41.6,71.38
Apparel_KidPants,False,1280,0.25,50,20,34.61,1600.0,0.5,100.0,40.0,65.76
Apparel_KidParka,False,6400,1.0,100,40,83.04,8000.0,2.0,180.0,80.0,148.8
Apparel_KidTribal,False,1400,0.5,60,30,50.04,1800.0,0.5,100.0,60.0,96.48
Apparel_KidHelmet,False,2000,1.0,60,20,45.2,5059.64,1.55,109.54,40.0,94.21
Apparel_AirwireHeadset,False,2100,0.08,60,223.0,230,15750.0,1.0,127.51,564.1,620.8
Apparel_ArrayHeadset,False,2100,0.08,60,351.0,360,15750.0,1.0,127.51,564.1,620.8
Apparel_IntegratorHeadset,False,15750,1,120,2378,2435,14968.96,0.95,127.51,523.59,577.48
Apparel_ArmorHelmetMechCommander,False,15750,1,150,1232,1290,17436.47,1.11,132.85,579.66,642.43
Apparel_ArmorHelmetMechlordHelmet,False,15750,1,240,5280,5335,17436.47,1.11,132.85,579.66,642.43
Apparel_GasMask,False,6000,0.4,80,84.0,105.6,17436.47,1.11,132.85,600.0,662.77
Apparel_MechlordSuit,False,60000,12,340,6800,7015,60000.0,12.0,340.0,2066.0,2282.0
Apparel_Bandolier,False,3500,1.5,50,75,125.1,4536.83,1.36,127.03,63.52,111.61
Apparel_Sash,False,1000,0.5,50,25,41.1,12000.0,0.75,100.0,45.0,110.7
Apparel_CultistMask,False,7500,1.4,160,25,45.75,1776.35,0.09,84.17,21.04,31.77
Apparel_CeremonialCultistMask,False,2000,0.1,90,20,44.7,1776.35,0.09,84.17,23.53,41.69
Apparel_LabCoat,False,5000,1.5,140,70,123.0,3857.32,1.65,55.1,82.66,137.87
Apparel_VacsuitHelmet,False,15000,1.5,120,140.0,194.0,17436.47,1.05,141.16,624.5,687.27
Apparel_Vacsuit,False,48000,12,180,447.0,620,60000.0,12.0,340.0,2090.5,2306.5
Apparel_VacsuitChildren,False,20000,8,100,271.5,345,60000.0,12.0,340.0,2090.5,2306.5
Apparel_CowboyHat,True,1800,0.14,80,25,43.98,1897.37,0.1,80.0,25.0,44.33
Apparel_BowlerHat,True,1800,0.14,80,20,36.48,1897.37,0.1,80.0,25.0,44.33
Apparel_TribalHeaddress,True,6000,0.11,100,50,96.6,1604.54,0.09,76.03,19.01,34.29
Apparel_Tuque,True,1200,0.07,80,20,34.32,2050.96,0.14,80.0,27.02,47.92
Apparel_WarMask,True,2100,1.4,52,25,37.56,1776.35,0.09,89.28,21.04,29.73
Apparel_WarVeil,True,1400,0.08,80,20,35.04,2000.0,0.1,90.0,25.0,44.7
Apparel_SimpleHelmet,True,3200,2.0,100,40,87.52,4000.0,1.1,84.85,28.28,68.14
Apparel_AdvancedHelmet,True,8000,1.2,120,40,260,2529.82,1.41,77.46,28.28,62.85
Apparel_PowerArmorHelmet,True,21000,1.5,150,560,635,16571.8,1.05,132.85,624.5,684.16
Apparel_ArmorHelmetRecon,True,15750,1,120,470,525,17436.47,1.11,141.16,624.5,687.27
Apparel_HatHood,True,6000,0.1,80,50,96.6,1800.0,0.14,80.0,25.0,43.98
Apparel_ClothMask,True,800,0.04,40,10,17.88,1443.59,0.07,64.44,16.98,30.67
Apparel_TribalA,True,1800,0.5,100,60,96.48,1400.0,0.5,60.0,30.0,50.04
Apparel_Parka,True,8000,2.0,180,80,148.8,6400.0,1.0,100.0,40.0,83.04
Apparel_Pants,True,1600,0.5,100,40,65.76,1280.0,0.25,50.0,20.0,34.61
Apparel_BasicShirt,True,1600,0.25,100,40,65.76,2495.72,0.23,92.43,41.6,71.38
Apparel_CollarShirt,True,2700,0.3,100,45,77.22,1730.96,0.25,100.0,43.27,71.14
Apparel_Duster,True,10000,2.0,200,80,156.0,16000.0,0.75,100.42,80.34,178.11
Apparel_Jacket,True,7000,1.7,160,70,130.2,7714.64,1.65,176.33,77.15,143.49
Apparel_PlateArmor,True,38000,15.0,290,170,460,10000.0,0.75,100.42,80.0,188.0
Apparel_FlakVest,True,9000,4,200,191.0,225,37915.07,3.19,235.92,1162.73,1299.22
Apparel_FlakPants,True,9000,4,200,191.0,225,33090.15,2.78,205.89,1014.76,1133.89
Apparel_FlakJacket,True,14000,7,200,240.0,290,41434.46,3.9,257.81,1244.64,1393.81
Apparel_PowerArmor,True,60000,12,340,1820,2035,60000.0,12.0,340.0,2090.5,2306.5
Apparel_ArmorRecon,True,45000,9,280,1380,1540,60000.0,12.0,340.0,2090.5,2306.5
Apparel_Cape,True,16000,2.0,200,80,177.6,10000.0,0.75,100.42,80.34,156.51
Apparel_Robe,True,5000,0.75,100,80,138.0,15932.62,1.99,199.16,79.66,176.85
Apparel_ShirtRuffle,True,6000,0.25,100,65,119.1,1730.96,0.27,100.0,43.27,71.14
Apparel_Corset,True,12000,0.75,100,45,110.7,1000.0,0.5,50.0,25.0,41.1
Apparel_VestRoyal,True,12000,0.75,100,45,110.7,1000.0,0.5,50.0,25.0,41.1
Apparel_RobeRoyal,True,20000,0.75,100,100,220,10000.0,2.0,200.0,80.0,156.0
Apparel_HatLadies,True,6000,0.1,80,50,96.6,1800.0,0.14,80.0,25.0,43.98
Apparel_HatTop,True,6000,0.1,80,50,96.6,1800.0,0.14,80.0,25.0,43.98
Apparel_Coronet,True,8000,0.7,80,50,123.8,1800.0,0.1,80.0,25.0,53.98
Apparel_Crown,True,12000,0.9,80,75,185.7,1800.0,0.1,80.0,25.0,53.98
Apparel_Beret,True,4000,0.1,80,35,66.9,1800.0,0.12,80.0,25.0,43.98
Apparel_ArmorReconPrestige,True,90000,9,280,1650,1975,60000.0,12.0,340.0,2090.5,2306.5
Apparel_ArmorHelmetReconPrestige,True,31500,1,120,600,715,16571.8,1.11,141.16,603.32,662.98
Apparel_ArmorMarinePrestige,True,120000,12,340,2100,2530,60000.0,12.0,340.0,2066.0,2282.0
Apparel_ArmorMarineHelmetPrestige,True,42000,1.5,150,700,850,16571.8,1.05,132.85,579.66,639.31
Apparel_ArmorCataphract,True,75000,15,400,2850,3120,60000.0,12.0,340.0,2066.0,2282.0
Apparel_ArmorHelmetCataphract,True,26250,2,180,650,745,16571.8,1.05,132.85,579.66,639.31
Apparel_ArmorCataphractPrestige,True,150000,15,400,3390,3930,60000.0,12.0,340.0,2066.0,2282.0
Apparel_ArmorHelmetCataphractPrestige,True,52500,2,180,965,1155,16571.8,1.05,132.85,579.66,639.31
Apparel_ArmorLocust,True,45000,9,280,2066.0,2230,60000.0,12.0,340.0,2090.5,2306.5
Apparel_ArmorMarineGrenadier,True,60000,12,340,2090.5,2305,60000.0,12.0,340.0,2066.0,2282.0
Apparel_ArmorCataphractPhoenix,True,75000,15,400,3212.5,3480,60000.0,12.0,340.0,2066.0,2282.0
Apparel_Gunlink,True,15750,1,120,290,345,14968.96,0.95,127.51,564.1,617.99
Apparel_Headwrap,True,1400,0.08,80,20,35.04,1806.56,0.09,81.3,22.58,40.38
Apparel_Broadwrap,True,1800,0.1,80,30,51.48,2281.8,0.11,101.86,24.01,44.23
Apparel_VisageMask,True,2000,0.1,90,15,35.7,1776.35,0.09,84.17,23.53,51.1
Apparel_Slicecap,True,2000,0.8,80,15,35.7,1800.0,0.1,80.0,25.0,53.98
Apparel_Collar,True,1800,0.14,80,25,53.98,1623.83,0.09,68.47,21.4,46.5
Apparel_AuthorityCap,True,1500,0.1,80,25,42.9,1897.37,0.12,80.0,25.0,44.33
Apparel_Tailcap,True,1400,0.1,104,20,47.04,1897.37,0.12,80.0,25.0,59.33
Apparel_Shadecone,True,1800,0.14,80,25,43.98,1897.37,0.1,80.0,25.0,44.33
Apparel_Flophat,True,1200,0.07,80,20,34.32,2050.96,0.14,80.0,27.02,47.92
Apparel_BodyStrap,True,7000,1.5,160,70,130.2,6351.56,1.54,145.18,63.52,118.14
Apparel_Burka,True,4000,1.0,100,60,104.4,12855.73,1.25,144.04,81.48,168.5
Apparel_TortureCrown,True,1200,0.9,80,25,51.82,1897.37,0.1,80.0,25.0,54.33
Apparel_Blindfold,True,1200,0.07,80,20,34.32,1824.76,0.12,71.18,24.04,42.63
Apparel_KidRomper,True,2000,0.18,50,30,52.2,16000.0,2.0,200.0,80.34,178.11
Apparel_KidShirt,True,1280,0.15,50,20,34.61,2495.72,0.25,92.43,41.6,71.38
Apparel_KidPants,True,1280,0.25,50,20,34.61,1600.0,0.5,100.0,40.0,65.76
Apparel_KidParka,True,6400,1.0,100,40,83.04,8000.0,2.0,180.0,80.0,148.8
Apparel_KidTribal,True,1400,0.5,60,30,50.04,1800.0,0.5,100.0,60.0,96.48
Apparel_KidHelmet,True,2000,1.0,60,20,45.2,5059.64,1.55,109.54,40.0,94.21
Apparel_AirwireHeadset,True,2100,0.08,60,223.0,230,15750.0,1.0,127.51,564.1,620.8
Apparel_ArrayHeadset,True,2100,0.08,60,351.0,360,15750.0,1.0,127.51,564.1,620.8
Apparel_IntegratorHeadset,True,15750,1,120,2378,2435,14968.96,0.95,127.51,523.59,577.48
Apparel_ArmorHelmetMechCommander,True,15750,1,150,1232,1290,17436.47,1.11,132.85,579.66,642.43
Apparel_ArmorHelmetMechlordHelmet,True,15750,1,240,5280,5335,17436.47,1.11,132.85,579.66,642.43
Apparel_GasMask,True,6000,0.4,80,84.0,105.6,17436.47,1.11,132.85,600.0,662.77
Apparel_MechlordSuit,True,60000,12,340,6800,7015,60000.0,12.0,340.0,2066.0,2282.0
Apparel_Bandolier,True,3500,1.5,50,75,125.1,4536.83,1.36,127.03,63.52,111.61
Apparel_Sash,True,1000,0.5,50,25,41.1,12000.0,0.75,100.0,45.0,110.7
Apparel_CultistMask,True,7500,1.4,160,25,45.75,1776.35,0.09,84.17,21.04,31.77
Apparel_CeremonialCultistMask,True,2000,0.1,90,20,44.7,1776.35,0.09,84.17,23.53,41.69
Apparel_LabCoat,True,5000,1.5,140,70,123.0,3857.32,1.65,55.1,82.66,137.87
Apparel_VacsuitHelmet,True,15000,1.5,120,140.0,194.0,17436.47,1.05,141.16,624.5,687.27
Apparel_Vacsuit,True,48000,12,180,447.0,620,60000.0,12.0,340.0,2090.5,2306.5
Apparel_VacsuitChildren,True,20000,8,100,271.5,345,60000.0,12.0,340.0,2090.5,2306.5
