defName,categories,commonality,market_value,small_volume,mass,sharp,blunt,heat,ins_cold,ins_heat,f_hp,f_flammability,f_work,f_beauty,price_per_unit
Silver,Metallic,0.05,1,true,0.008,0.72,0.36,0.36,3,0,0.7,0.4,1,2,10.0
Gold,Metallic,0.02,10,true,0.008,0.72,0.36,0.36,3,0,0.6,0.4,0.9,4,100.0
Steel,Metallic,1.0,1.9,false,0.5,0.9,0.45,0.6,3,0,1,0.4,1,1,1.9
Plasteel,Metallic,0.05,9,false,0.25,1.14,0.55,0.65,3,0,2.8,0,2.2,1,9.0
WoodLog,Woody,1.0,1.2,false,0.4,0.54,0.54,0.4,8,4,0.65,1,0.7,1,1.2
Uranium,Metallic,0.05,6,false,1,1.08,0.54,0.65,3,0,2.5,0.0,1.9,0.5,6.0
Jade,Stony,0.05,5,false,0.5,0.9,0.45,0.54,3,0,0.5,0,1.4,2.5,5.0
Cloth,Fabric,1.4,1.5,false,0.026,0.36,0,0.18,18,18,1,1.2,1,1,1.5
Synthread,Fabric,0.15,4,false,0.025,0.94,0.26,0.9,22,22,1.3,0.7,1,2.3,4.0
DevilstrandCloth,Fabric,0.2,5.5,false,0.032,1.4,0.36,3.0,20,24,1.3,0.4,1,3.2,5.5
Hyperweave,Fabric,0.1,9,false,0.038,2.0,0.54,2.88,26,26,2.4,0.4,1,5.5,9.0
WoolSheep,Fabric,0.24,2.7,false,0.028,0.36,0.0,1.1,26,10,1,1.7,1,1.5,2.7
WoolAlpaca,Fabric,0.12,3.8,false,0.028,0.36,0.0,1.1,30,16,1,1.7,1,1.5,3.8
WoolMegasloth,Fabric,0.12,2.7,false,0.028,0.8,0.0,1.1,34,12,1,1.7,1,1.5,2.7
WoolMuffalo,Fabric,0.12,2.7,false,0.028,0.36,0.0,1.1,28,12,1,1.7,1,1.5,2.7
WoolBison,Fabric,0.12,2.7,false,0.028,0.36,0.0,1.1,26,12,1,1.7,1,1.5,2.7
Leather_Plain,Leathery,0.2,2.1,false,0.03,0.81,0.24,1.5,16,16,1.3,1,1,1,2.1
Leather_Dog,Leathery,0.075,2.0,false,0.03,0.81,0.24,1.5,14,16,1.3,1,1,1,2.0
Leather_Wolf,Leathery,0.075,3.0,false,0.03,1.02,0.24,1.5,24,16,1.3,1,1,1.7,3.0
Leather_Panthera,Leathery,0.075,3.0,false,0.03,0.93,0.24,1.5,16,24,1.3,1,1,1.7,3.0
Leather_Camel,Leathery,0.05,2.3,false,0.03,0.81,0.24,1.5,16,24,1.3,1,1,1.3,2.3
Leather_Bluefur,Leathery,0.025,2.3,false,0.03,0.81,0.24,1.5,20,16,1.3,1,1,1.3,2.3
Leather_Bear,Leathery,0.05,3.4,false,0.03,1.12,0.24,1.5,20,20,1.3,1,1,1.9,3.4
Leather_GuineaPig,Leathery,0.025,5,false,0.03,0.67,0.14,1.5,38,18,0.6,1,1,2.8,5.0
Leather_Human,Leathery,0.0025,4.2,false,0.03,0.64,0.24,1.5,12,12,1.3,1,1,1,4.2
Leather_Pig,Leathery,0.05,1.9,false,0.03,0.64,0.24,1.5,12,12,1.3,1,1,1,1.9
Leather_Light,Leathery,0.25,1.9,false,0.03,0.54,0.14,1.5,12,12,1.0,1,1,1,1.9
Leather_Bird,Leathery,0.1,1.8,false,0.03,0.67,0.14,1.5,10,10,1.0,1,1,1,1.8
Leather_Chinchilla,Leathery,0.025,6.5,false,0.03,0.67,0.14,1.5,30,16,1.0,1,1,3.6,6.5
Leather_Fox,Leathery,0.075,3.5,false,0.03,0.81,0.21,1.5,20,16,1.0,1,1,2.0,3.5
Leather_Lizard,Leathery,0.075,2.1,false,0.03,0.81,0.27,1.5,12,12,1.0,1,1,1.2,2.1
Leather_Elephant,Leathery,0.025,3.0,false,0.03,1.12,0.24,1.5,14,12,1.5,1,1,1.6,3.0
Leather_Heavy,Leathery,0.025,3.3,false,0.03,1.24,0.24,1.5,30,14,1.5,1,1,1.85,3.3
Leather_Rhinoceros,Leathery,0.025,4.2,false,0.03,1.29,0.24,1.5,14,14,1.5,1,1,2.4,4.2
Leather_Thrumbo,Leathery,0.0025,14.0,false,0.03,2.08,0.36,1.5,34,22,2.0,1,1,8,14.0
Leather_Patch,Leathery,0.075,1.5,false,0.03,0.45,0.19,0.9,9,9,1.0,1,1,1,1.5
Bioferrite,Metallic/Bioferrite,0,0.75,false,0.25,1.1,0.5,0.5,2.5,0,2,0.75,2.5,0.25,0.75
Leather_Dread,Leathery,0.025,3.5,false,0.03,1.27,0.24,1.5,20,12,1.3,1,1,1,3.5
WoolMastodon,Fabric,0.12,2.7,false,0.028,0.36,0.0,1.1,32,14,1,1.7,1,1.5,2.7
WoolMuskox,Fabric,0.12,2.7,false,0.028,0.36,0.0,1.1,30,10,1,1.7,1,1.5,2.7
Obsidian,Stony/Metallic,0.01,5,false,0.5,0.85,0.4,0.7,3,0,0.5,0,1.5,2,5.0
Leather_Mastodon,Leathery,0.025,3.0,false,0.03,1.12,0.24,1.5,30,12,1.5,1,1,1.3,3.0
Leather_Sealskin,Leathery,0.025,4,false,0.03,0.81,0.24,1.5,36,20,1,1,1,2,4.0
Leather_AlphaThrumbo,Leathery,0,20.0,false,0.03,2.12,0.4,1.5,36,24,2.2,1,1,8,20.0
Leather_Mink,Leathery,0.01,5.2,false,0.03,0.67,0.14,1.5,32,12,1.0,1,1,3,5.2
Leather_Hippo,Leathery,0.01,3.7,false,0.03,1.12,0.24,1.5,14,16,1.5,1,1,2,3.7
Leather_Armadillo,Leathery,0.01,3.2,false,0.03,1.24,0.24,1.5,16,18,1.3,1,1,2,3.2
