defName,label,source,group,tech,tier,weapon_classes,mass,n_statbases,work_base,stuff_count,stuffed,n_tools,equip_offsets,research,research_cost,mv_explicit,sel_damage,sel_cooldown,dps_select,sel_ap,stuff,avg_damage,avg_cooldown,dps,avg_ap,best_tool,best_dps,best_damage,best_ap,max_damage,min_cooldown,dps_chance_only,work,mv
MeleeWeapon_Axe,axe,Royalty,standard,Medieval,1,Melee;MeleePiercer,1.5,7,7000,50,True,2,,Smithing,700,False,13.5,2,6.75,0.2025,Steel,13.41,2,6.706,0.2012,edge/Cut,7.5,15,0.225,15,2,6,7000,120.2
MeleeWeapon_BreachAxe,breach axe,Core,standard,Neolithic,0,MeleeBlunt,1.1,7,5000,50,True,2,,Smithing,700,False,7.875,1.25,6.3,0.1181,Steel,8.613,1.742,4.944,0.1292,head/Demolish,7.5,7.5,0.1125,9,1,5.1,5000,113
MeleeWeapon_Club,club,Core,standard,Neolithic,0,Melee;MeleeBlunt;Neolithic,2,7,1200,40,True,2,,,0,False,12.75,2,6.375,0.1913,Steel,12.54,2,6.269,0.1881,head/Blunt,7,14,0.21,14,2,5.75,1200,80.32
MeleeWeapon_Gladius,gladius,Core,standard,Medieval,1,Melee;MeleePiercer,0.85,7,1.2e+04,50,True,3,,Smithing,700,False,14.25,2,7.125,0.2137,Steel,15.04,2,7.522,0.2257,point/Stab,8,16,0.24,16,2,6.833,1.2e+04,138.2
MeleeWeapon_Ikwa,ikwa,Core,standard,Neolithic,0,Melee;MeleePiercer;Neolithic,1.1,7,5000,50,True,3,,Smithing,700,False,13.5,2,6.75,0.2025,Steel,13.41,2,6.706,0.2012,head/Stab,7.5,15,0.225,15,2,6,5000,113
MeleeWeapon_Knife,knife,Core,standard,Neolithic,0,Melee;MeleePiercer;Neolithic,0.5,7,1800,30,True,3,,,0,False,11.75,1.625,7.231,0.1763,Steel,11.81,1.817,6.5,0.1772,blade/Cut,8,12,0.18,13,1.5,6.182,1800,63.48
MeleeWeapon_LongSword,longsword,Core,standard,Medieval,1,Melee;MeleePiercer,2,7,1.8e+04,100,True,3,,LongBlades,400,False,19.5,2.45,7.959,0.2925,Steel,22,2.557,8.604,0.3301,point/Stab,8.846,23,0.345,23,2,7.639,1.8e+04,254.8
MeleeWeapon_Mace,mace,Core,standard,Medieval,1,MeleeBlunt;Melee,1.25,7,6000,50,True,2,,Smithing,700,False,14.02,2,7.012,0.2104,Steel,14.04,2,7.021,0.2106,head/Blunt,7.85,15.7,0.2355,15.7,2,6.175,6000,116.6
MeleeWeapon_MonoSword,monosword,Royalty,standard,Ultra,4,Melee;Ultratech;MeleePiercer,2,7,,0,False,3,,,0,True,21.75,1.9,11.45,0.72,,23.66,1.959,12.08,0.8256,point/Stab,12.5,25,0.9,25,1.6,11.07,,2000
MeleeWeapon_MonoSwordBladelink,persona monosword,Royalty,bladelink,Ultra,4,Ultratech;Melee;MeleePiercer,2,7,,0,False,3,,,0,True,23.25,1.6,14.53,0.72,,25.65,1.6,16.03,0.8353,point/Stab,16.88,27,0.9,27,1.6,13.75,,3000
MeleeWeapon_PlasmaSword,plasmasword,Royalty,standard,Ultra,4,Melee;Ultratech;MeleePiercer,2,7,,0,False,3,,,0,True,18.75,2.45,7.653,0.2812,,19.74,2.516,7.845,0.2961,point/Stab,8.077,21,0.315,21,2,7.5,,2000
MeleeWeapon_PlasmaSwordBladelink,persona plasmasword,Royalty,bladelink,Ultra,4,Ultratech;Melee;MeleePiercer,2,7,,0,False,3,,,0,True,20.25,1.9,10.66,0.3037,,21.68,1.952,11.11,0.3252,point/Stab,11.5,23,0.345,23,1.6,10.36,,3000
MeleeWeapon_PsyfocusStaff,eltex staff,Royalty,standard,Ultra,4,Melee;MeleeBlunt;Ultratech,1.2,7,,0,False,1,PsychicSensitivityOffset;PsychicEntropyRecoveryRate,,0,True,12,2.6,4.615,0.18,,12,2.6,4.615,0.18,head/Blunt,4.615,12,0.18,12,2.6,4.615,,2000
MeleeWeapon_Spear,spear,Core,standard,Neolithic,0,Melee;MeleePiercer;Neolithic,2,7,1.2e+04,75,True,2,,LongBlades,400,False,20.5,2.6,7.885,0.4238,Steel,19.1,2.6,7.347,0.3811,point/Stab,8.846,23,0.5,23,2.6,6.282,1.2e+04,185.7
MeleeWeapon_Warhammer,warhammer,Royalty,standard,Medieval,1,MeleeBlunt;Melee,5,7,1.8e+04,150,True,2,,LongBlades,400,False,17.75,2.6,6.827,0.2662,Steel,17.91,2.6,6.888,0.2686,head/Blunt,7.692,20,0.3,20,2.6,5.962,1.8e+04,349.8
MeleeWeapon_ZeusHammerBladelink,persona zeushammer,Royalty,bladelink,Ultra,4,Ultratech;Melee;MeleeBlunt,2,7,,0,False,2,,,0,True,27,2.05,13.17,0.405,,27.96,2.086,13.4,0.4195,head/Blunt,14.09,31,0.465,31,1.6,12.11,,3000
MeleeWeapon_Zeushammer,zeushammer,Royalty,standard,Ultra,4,Melee;Ultratech;MeleeBlunt,2,7,,0,False,2,,,0,True,27,2.75,9.818,0.405,,27.96,2.81,9.951,0.4195,head/Blunt,10.33,31,0.465,31,2,9.2,,2000
