defName,label,source,group,role,tech,tier,kind,verbClass,damage,ap,burst,ticks_between,warmup,cooldown,cycle,range,min_range,radius,speed,stopping_power,mass,work,mv,mv_explicit,mv_formula,ingredients,n_statbases,hp,sell_factor,research,research_cost,craftable,weapon_classes,acc_touch,acc_short,acc_medium,acc_long,has_acc,dps_nominal,acc_mid,acc_avg_0_range,dps_at_3,dps_at_12,dps_at_25,dps_at_40,armor_mult_none,armor_mult_flak_jacket,armor_mult_marine_armor,armor_mult_flak_vest,armor_mult_avg,dps_eff_mid,dps_armored,power
Artillery_AutoMortar,auto-mortar,Core,turret,turret,,,explosive,Verb_Shoot,50,0.1,1,0,4,0,4,500,29.9,2.9,41,,,,0,False,0,0,5,100,0.2,,0,False,Ranged,,,,,False,12.5,1,1,12.5,12.5,12.5,12.5,1,0.6625,0.385,0.325,0.6625,12.5,8.281,37.03
Artillery_Mortar,mortar,Core,turret,turret,,,projectile,Verb_Shoot,-1,0,1,0,4,0,4,500,29.9,0,,,,,0,False,0,0,5,100,0.2,,0,False,Ranged,,,,,False,0,1,1,0,0,0,0,1,0.5875,0.31,0.25,0.6125,0,0,0
Bow_Great,greatbow,Core,standard,bow,Neolithic,0,projectile,Verb_Shoot,17,0.15,1,0,2,1.5,3.5,29.9,0,0,49,1.5,3,9000,104.4,False,104.4,72,12,100,0.2,Greatbow,600,True,Neolithic;Ranged;RangedHeavy,0.65,0.85,0.75,0.5,True,4.857,0.8,0.7571,3.157,4.129,3.643,2.429,1,0.7,0.4225,0.3625,0.6875,3.886,2.671,2.922
Bow_Great_Unique,unique greatbow,Odyssey,unique,unique,Neolithic,0,projectile,Verb_Shoot,17,0.15,1,0,2,1.5,3.5,29.9,0,0,49,1.5,3,9000,104.4,False,104.4,72,12,100,0.2,,0,True,Neolithic;Ranged;RangedHeavy,0.65,0.85,0.75,0.5,True,4.857,0.8,0.7571,3.157,4.129,3.643,2.429,1,0.7,0.4225,0.3625,0.6875,3.886,2.671,2.922
Bow_Recurve,recurve bow,Core,standard,bow,Neolithic,0,projectile,Verb_Shoot,14,0.21,1,0,1.45,1.65,3.1,25.9,0,0,56,1,1.3,5000,66,False,66,48,12,100,0.2,RecurveBow,400,True,Neolithic;Ranged;RangedLight,0.7,0.78,0.65,0.35,True,4.516,0.715,0.7167,3.161,3.523,2.935,1.581,1,0.745,0.4675,0.4075,0.7175,3.229,2.317,2.358
Bow_Short,short bow,Core,standard,bow,Neolithic,0,projectile,Verb_Shoot,11,0.165,1,0,1.35,1.65,3,22.9,0,0,44,,0.8,2400,44.64,False,44.64,36,12,100,0.2,,0,True,Neolithic;Ranged;RangedLight,0.75,0.65,0.45,0.25,True,3.667,0.55,0.6258,2.75,2.383,1.65,0.9167,1,0.7112,0.4337,0.3738,0.695,2.017,1.402,1.341
Flamebow,flamebow,Biotech,standard,bow,Neolithic,0,projectile,Verb_Shoot,6,0.09,1,0,1.35,1.65,3,22.9,0,0,44,,0.8,,45,True,0,0,12,100,0.2,,0,True,Neolithic;Ranged;RangedLight,0.75,0.65,0.45,0.25,True,2,0.55,0.6258,1.5,1.3,0.9,0.5,1,0.655,0.3775,0.3175,0.6575,1.1,0.7232,0.6922
Gun_AncientArmoredTurret,ancient defender turret gun,Odyssey,turret,turret,,,projectile,Verb_Shoot,8,0.12,3,22,0,5.8,6.533,36.9,0,0,70,,5,,0,False,0,0,11,100,0.2,,0,False,Ranged,0.77,0.7,0.45,0.24,True,3.673,0.575,0.5429,2.829,2.571,1.653,0.8816,1,0.6775,0.4,0.34,0.6725,2.112,1.42,1.726
Gun_AssaultRifle,assault rifle,Core,standard,rifle,Industrial,2,projectile,Verb_Shoot,11,0.165,3,10,1,1.7,3.033,30.9,0,0,70,,3.5,4e+04,482,False,482,338,12,100,0.2,PrecisionRifling,1400,True,Ranged,0.6,0.7,0.65,0.55,True,10.88,0.675,0.6527,6.527,7.615,7.071,5.984,1,0.7112,0.4337,0.3738,0.695,7.343,5.104,5.674
Gun_AssaultRifle_Unique,unique assault rifle,Odyssey,unique,unique,Industrial,2,projectile,Verb_Shoot,11,0.165,3,10,1,1.7,3.033,30.9,0,0,70,,3.5,4e+04,482,False,482,338,12,100,0.2,,0,True,Ranged,0.6,0.7,0.65,0.55,True,10.88,0.675,0.6527,6.527,7.615,7.071,5.984,1,0.7112,0.4337,0.3738,0.695,7.343,5.104,5.674
Gun_AutocannonTurret,autocannon,Core,turret,turret,,,projectile,Verb_Shoot,27,0.405,3,17,0,3.5,4.067,32.9,8.9,0,88,,40,,0,False,0,0,11,100,0.2,,0,False,Ranged,0.28,0.72,0.66,0.5,True,19.92,0.69,0.5969,5.577,14.34,13.15,9.959,1,0.8912,0.6137,0.5537,0.815,13.74,11.2,12.85
Gun_Autopistol,autopistol,Core,standard,pistol,Industrial,2,projectile,Verb_Shoot,10,0.15,1,0,0.3,1,1.3,25.9,0,0,55,,1.2,5000,139,False,139,121,12,100,0.2,BlowbackOperation,500,True,Ranged;RangedLight,0.8,0.7,0.4,0.3,True,7.692,0.55,0.6206,6.154,5.385,3.077,2.308,1,0.7,0.4225,0.3625,0.6875,4.231,2.909,2.961
Gun_BeamGraser,beam graser,Biotech,mech_or_creature,mech_or_creature,Spacer,3,beam,Verb_ShootBeam,10,0.5,5,22,1,1.7,4.167,24.9,3.9,0,,,4,4.7e+04,169.2,False,169.2,0,12,100,0.2,,0,False,Ranged,0.6,0.7,0.65,0.55,True,12,0.675,0.6612,7.2,8.4,7.8,6.6,1,0.9625,0.685,0.625,0.8625,8.1,6.986,6.972
Gun_BeamRepeater,beam repeater,Odyssey,standard,heavy,Spacer,3,projectile,Verb_Shoot,5,0.5,30,10,4,3,11.83,21.9,0,0,,,10,6e+04,1233,False,1233,1017,12,100,0.2,BeamWeapons,4000,True,Ranged;RangedHeavy;Ultratech,0.65,0.72,0.65,0.6,True,12.68,0.685,0.6866,8.239,9.127,8.239,7.606,1,0.9625,0.685,0.625,0.8625,8.683,7.489,7.009
Gun_BeamRepeater_Unique,unique beam repeater,Odyssey,unique,unique,Spacer,3,projectile,Verb_Shoot,5,0.5,30,10,4,3,11.83,21.9,0,0,,,10,6e+04,1233,False,1233,1017,12,100,0.2,,0,True,Ranged;RangedHeavy;Ultratech,0.65,0.72,0.65,0.6,True,12.68,0.685,0.6866,8.239,9.127,8.239,7.606,1,0.9625,0.685,0.625,0.8625,8.683,7.489,7.009
Gun_BoltActionRifle,bolt-action rifle,Core,standard,sniper,Industrial,2,projectile,Verb_Shoot,18,0.27,1,0,1.7,1.5,3.2,36.9,0,0,70,1.5,3.5,1.2e+04,253.2,False,253.2,210,12,100,0.2,Gunsmithing,500,True,Ranged;LongShots,0.65,0.8,0.9,0.8,True,5.625,0.85,0.813,3.656,4.5,5.062,4.5,1,0.79,0.5125,0.4525,0.7475,4.781,3.574,4.342
Gun_BoltActionRifle_Unique,unique bolt-action rifle,Odyssey,unique,unique,Industrial,2,projectile,Verb_Shoot,18,0.27,1,0,1.7,1.5,3.2,36.9,0,0,70,1.5,3.5,1.2e+04,253.2,False,253.2,210,12,100,0.2,,0,True,Ranged;LongShots,0.65,0.8,0.9,0.8,True,5.625,0.85,0.813,3.656,4.5,5.062,4.5,1,0.79,0.5125,0.4525,0.7475,4.781,3.574,4.342
Gun_ChainShotgun,chain shotgun,Core,standard,shotgun,Industrial,2,projectile,Verb_Shoot,18,0.14,3,10,1.2,1.35,2.883,12.9,0,0,55,3,4.5,3.1e+04,404.6,False,404.6,293,12,100,0.2,GasOperation,1000,True,Ranged;ShortShots,0.57,0.64,0.55,0.45,True,18.73,0.595,0.6074,10.68,11.99,10.3,8.428,1,0.6925,0.415,0.355,0.6825,11.14,7.605,5.463
Gun_ChainShotgun_Unique,unique chain shotgun,Odyssey,unique,unique,Industrial,2,projectile,Verb_Shoot,18,0.14,3,10,1.2,1.35,2.883,12.9,0,0,55,3,4.5,3.1e+04,404.6,False,404.6,293,12,100,0.2,,0,True,Ranged;ShortShots,0.57,0.64,0.55,0.45,True,18.73,0.595,0.6074,10.68,11.99,10.3,8.428,1,0.6925,0.415,0.355,0.6825,11.14,7.605,5.463
Gun_ChargeBlasterHeavy,heavy charge blaster,Core,mech_or_creature,mech_or_creature,Spacer,3,projectile,Verb_Shoot,15,0.225,24,5,1.25,7.4,10.57,26.9,0,0,90,,22,,1400,True,0,0,12,100,0.2,,0,False,Ranged;RangedHeavy,0.18,0.26,0.26,0.18,True,34.07,0.26,0.2419,6.132,8.858,8.858,6.132,1,0.7562,0.4788,0.4187,0.725,8.858,6.422,6.662
Gun_ChargeBlasterHeavyTurret,light charge blaster,Core,turret,turret,Spacer,3,projectile,Verb_Shoot,15,0.225,9,7,1.25,7.4,9.583,45.9,3.9,0,90,,22,,1400,True,0,0,12,100,0.2,,0,False,Ranged;RangedHeavy,0.18,0.26,0.26,0.08,True,14.09,0.26,0.2061,2.536,3.663,3.663,1.127,1,0.7562,0.4788,0.4187,0.725,3.663,2.655,3.598
Gun_ChargeBlasterTurret,charge blaster turret,Biotech,turret,turret,,,projectile,Verb_Shoot,15,0.225,1,0,0,0,0,44.9,0,0,90,,2.6,,0,False,0,0,10,100,0.2,,0,False,Ranged,0.6,0.8,0.9,0.85,True,0,0.85,0.8146,0,0,0,0,1,0.7562,0.4788,0.4187,0.725,0,0,0
Gun_ChargeLance,charge lance,Core,mech_or_creature,heavy,Spacer,3,projectile,Verb_Shoot,30,0.45,1,0,1.7,2.7,4.4,32.9,0,0,120,1.5,8,6e+04,1356,False,1356,1140,12,100,0.2,ChargedShot,3000,True,Ranged;RangedHeavy,0.65,0.85,0.85,0.75,True,6.818,0.85,0.8049,4.432,5.795,5.795,5.114,1,0.925,0.6475,0.5875,0.8375,5.795,4.854,5.568
Gun_ChargeLance_Unique,unique charge lance,Odyssey,unique,unique,Spacer,3,projectile,Verb_Shoot,30,0.45,1,0,1.7,2.7,4.4,32.9,0,0,120,1.5,8,6e+04,1356,False,1356,1140,12,100,0.2,,0,True,Ranged;RangedHeavy,0.65,0.85,0.85,0.75,True,6.818,0.85,0.8049,4.432,5.795,5.795,5.114,1,0.925,0.6475,0.5875,0.8375,5.795,4.854,5.568
Gun_ChargeRifle,charge rifle,Core,standard,rifle,Spacer,3,projectile,Verb_Shoot,16,0.35,3,12,1,2,3.4,27.9,0,0,70,,4.6,4.5e+04,1012,False,1012,850,12,100,0.2,ChargedShot,3000,True,Ranged;RangedLight,0.55,0.64,0.55,0.45,True,14.12,0.595,0.5846,7.765,9.035,7.765,6.353,1,0.85,0.5725,0.5125,0.7875,8.4,6.615,6.988
Gun_ChargeRifle_Unique,unique charge rifle,Odyssey,unique,unique,Spacer,3,projectile,Verb_Shoot,16,0.35,3,12,1,2,3.4,27.9,0,0,70,,4.6,4.5e+04,1012,False,1012,850,12,100,0.2,,0,True,Ranged;RangedLight,0.55,0.64,0.55,0.45,True,14.12,0.595,0.5846,7.765,9.035,7.765,6.353,1,0.85,0.5725,0.5125,0.7875,8.4,6.615,6.988
Gun_DoomsdayRocket,doomsday rocket launcher,Core,standard,rocket,Spacer,3,explosive,Verb_ShootOneUse,50,0.1,1,0,4.5,4.5,9,35.9,0,7.8,50,,8,,1000,True,0,0,8,100,0.2,,0,False,Ranged;RangedHeavy,,,,,False,5.556,1,1,5.556,5.556,5.556,5.556,1,0.6625,0.385,0.325,0.6625,5.556,3.681,4.411
Gun_EmpLauncher,EMP launcher,Core,standard,launcher,Industrial,2,explosive,Verb_Shoot,50,0,1,0,3.5,3.5,7,23.9,0,1.1,40,,3.4,3e+04,506.5,False,506.5,398.5,8,100,0.2,MicroelectronicsBasics,3000,True,Ranged;RangedHeavy,,,,,False,7.143,1,1,7.143,7.143,7.143,7.143,1,0.5875,0.31,0.25,0.6125,7.143,4.375,4.278
Gun_HeavySMG,heavy SMG,Core,standard,smg,Industrial,2,projectile,Verb_Shoot,12,0.18,3,11,0.9,1.65,2.917,22.9,0,0,48,,3.5,2.4e+04,356.9,False,356.9,270.5,12,100,0.2,GasOperation,1000,True,Ranged;ShortShots;RangedHeavy,0.85,0.65,0.35,0.2,True,12.34,0.5,0.6262,10.49,8.023,4.32,2.469,1,0.7225,0.445,0.385,0.7025,6.171,4.335,4.149
Gun_HeavySMG_Unique,unique heavy SMG,Odyssey,unique,unique,Industrial,2,projectile,Verb_Shoot,12,0.18,3,11,0.9,1.65,2.917,22.9,0,0,48,,3.5,2.4e+04,356.9,False,356.9,270.5,12,100,0.2,,0,True,Ranged;ShortShots;RangedHeavy,0.85,0.65,0.35,0.2,True,12.34,0.5,0.6262,10.49,8.023,4.32,2.469,1,0.7225,0.445,0.385,0.7025,6.171,4.335,4.149
Gun_HellcatRifle,hellcat rifle,Anomaly,standard,rifle,Industrial,2,projectile,Verb_Shoot,10,0.15,3,10,1.1,1.7,3.133,26.9,0,0,70,,3.5,4e+04,497,False,497,353,12,100,0.2,BioferriteIgnition,0,True,Ranged,0.6,0.7,0.65,0.55,True,9.574,0.675,0.6592,5.745,6.702,6.223,5.266,1,0.7,0.4225,0.3625,0.6875,6.463,4.443,4.609
Gun_HellcatRifle_Unique,unique hellcat rifle,Odyssey,unique,unique,Industrial,2,projectile,Verb_Shoot,10,0.15,3,10,1.1,1.7,3.133,26.9,0,0,70,,3.5,4e+04,497,False,497,353,12,100,0.2,,0,True,Ranged,0.6,0.7,0.65,0.55,True,9.574,0.675,0.6592,5.745,6.702,6.223,5.266,1,0.7,0.4225,0.3625,0.6875,6.463,4.443,4.609
Gun_HellsphereCannon,hellsphere cannon,Biotech,mech_or_creature,mech_or_creature,Spacer,3,explosive,Verb_Shoot,800,1,1,0,7.5,6,13.5,18.9,5.9,4.9,75,,20,,1400,True,0,0,12,100,0.2,,0,False,Ranged,1,1,1,1,True,59.26,1,1,59.26,59.26,59.26,59.26,1,1,1,1,1,59.26,59.26,51.52
Gun_IncendiaryLauncher,incendiary launcher,Core,standard,launcher,Industrial,2,explosive,Verb_Shoot,10,0,1,0,3.5,3.5,7,23.9,0,1.1,40,,3.4,2e+04,342.5,False,342.5,270.5,8,100,0.2,Gunsmithing,500,True,Ranged;RangedHeavy,,,,,False,1.429,1,1,1.429,1.429,1.429,1.429,1,0.5875,0.31,0.25,0.6125,1.429,0.875,0.8555
Gun_Incinerator,incinerator,Anomaly,standard,flame,Industrial,2,beam,Verb_ArcSprayIncinerator,10,0,20,2,0.5,3,4.133,15.9,5.9,0,,,3.4,4.8e+04,529.8,False,529.8,357,8,100,0.2,BioferriteIgnition,0,True,Ranged;RangedHeavy,,,,,False,48.39,1,1,48.39,48.39,48.39,48.39,1,0.5875,0.31,0.25,0.6125,48.39,29.64,23.64
Gun_InfernoCannon,inferno cannon,Core,mech_or_creature,mech_or_creature,Spacer,3,explosive,Verb_Shoot,10,0,1,0,1.25,8.4,9.65,26.9,0,2.4,45,,18,,1400,True,0,0,8,100,0.2,,0,False,Ranged;RangedHeavy,,,,,False,1.036,1,1,1.036,1.036,1.036,1.036,1,0.5875,0.31,0.25,0.6125,1.036,0.6347,0.6584
Gun_InfernoCannonTurret,inferno cannon,Core,turret,turret,Spacer,3,explosive,Verb_Shoot,10,0,1,0,1.25,8.4,9.65,45.9,3.9,2.4,45,,18,,1400,True,0,0,9,100,0.2,,0,False,Ranged;RangedHeavy,,,,0.66,False,1.036,1,1,1.036,1.036,1.036,1.036,1,0.5875,0.31,0.25,0.6125,1.036,0.6347,0.86
Gun_LMG,LMG,Core,standard,heavy,Industrial,2,projectile,Verb_Shoot,12,0.18,6,7,1.8,1.6,3.983,25.9,0,0,46,1,8.5,3.4e+04,424.9,False,424.9,302.5,12,100,0.2,GasOperation,1000,True,Ranged;RangedHeavy,0.4,0.48,0.35,0.26,True,18.08,0.415,0.4177,7.23,8.676,6.326,4.7,1,0.7225,0.445,0.385,0.7025,7.501,5.27,5.364
Gun_LMG_Unique,unique LMG,Odyssey,unique,unique,Industrial,2,projectile,Verb_Shoot,12,0.18,6,7,1.8,1.6,3.983,25.9,0,0,46,1,8.5,3.4e+04,424.9,False,424.9,302.5,12,100,0.2,,0,True,Ranged;RangedHeavy,0.4,0.48,0.35,0.26,True,18.08,0.415,0.4177,7.23,8.676,6.326,4.7,1,0.7225,0.445,0.385,0.7025,7.501,5.27,5.364
Gun_MachinePistol,machine pistol,Core,standard,pistol,Industrial,2,projectile,Verb_Shoot,6,0.09,3,7,0.5,0.9,1.633,19.9,0,0,55,,2.5,1.1e+04,221.1,False,221.1,181.5,12,100,0.2,BlowbackOperation,500,True,Ranged;RangedLight;ShortShots,0.9,0.65,0.35,0.15,True,11.02,0.5,0.6748,9.918,7.163,3.857,1.653,1,0.655,0.3775,0.3175,0.6575,5.51,3.623,3.232
Gun_MiniFlameblaster,mini-flameblaster,Biotech,mech_or_creature,mech_or_creature,Industrial,2,projectile,Verb_SpewFire,-1,0,10,4,0,4,4.6,4.9,0,0,,,1.5,,1000,True,0,0,12,100,0.2,,0,False,Ranged;Ranged,0.4,0.48,0.35,0.26,True,0,0.415,0.4084,0,0,0,0,1,0.5875,0.31,0.25,0.6125,0,0,0
Gun_MiniShotgun,mini-shotgun,Biotech,mech_or_creature,mech_or_creature,Spacer,3,projectile,Verb_Shoot,10,0.12,1,0,1.2,1.7,2.9,12.9,0,0,55,2.5,1.5,,1000,True,0,0,12,100,0.2,,0,False,Ranged;Ranged,0.8,0.87,0.7,0.55,True,3.448,0.785,0.8369,2.759,3,2.414,1.897,1,0.6775,0.4,0.34,0.6725,2.707,1.82,1.308
Gun_MiniTurret,mini-turret gun,Core,turret,turret,,,projectile,Verb_Shoot,12,0.18,2,8,0,4.8,4.933,28.9,0,0,70,,5,,0,False,0,0,11,100,0.2,,0,False,Ranged,0.77,0.7,0.45,0.24,True,4.865,0.575,0.6055,3.746,3.405,2.189,1.168,1,0.7225,0.445,0.385,0.7025,2.797,1.965,2.113
Gun_MiniTurretMech,mini-slugger,Core,turret,turret,,,projectile,Verb_Shoot,12,0.18,1,0,0,5.1,5.1,45.9,0,0,70,,5,,0,False,0,0,11,100,0.2,,0,False,Ranged,0.8,0.55,0.35,0.1,True,2.353,0.45,0.4169,1.882,1.294,0.8235,0.2353,1,0.7225,0.445,0.385,0.7025,1.059,0.7438,1.008
Gun_Minigun,minigun,Core,standard,heavy,Industrial,2,projectile,Verb_Shoot,10,0.15,25,5,2.5,1.5,6,30.9,0,0,70,,10,6e+04,1160,False,1160,944,12,100,0.2,MultibarrelWeapons,2600,True,Ranged;RangedHeavy,0.2,0.25,0.25,0.18,True,41.67,0.25,0.2365,8.333,10.42,10.42,7.5,1,0.7,0.4225,0.3625,0.6875,10.42,7.161,7.962
Gun_Minigun_Unique,unique minigun,Odyssey,unique,unique,Industrial,2,projectile,Verb_Shoot,10,0.15,25,5,2.5,1.5,6,30.9,0,0,70,,10,6e+04,1160,False,1160,944,12,100,0.2,,0,True,Ranged;RangedHeavy,0.2,0.25,0.25,0.18,True,41.67,0.25,0.2365,8.333,10.42,10.42,7.5,1,0.7,0.4225,0.3625,0.6875,10.42,7.161,7.962
Gun_Needle,needle gun,Core,mech_or_creature,mech_or_creature,Spacer,3,projectile,Verb_Shoot,15,0.35,1,0,2.5,2.1,4.6,44.9,0,0,90,1.5,2.6,,1400,True,0,0,12,100,0.2,,0,False,Ranged;RangedHeavy;LongShots,0.6,0.8,0.9,0.85,True,3.261,0.85,0.8146,1.957,2.609,2.935,2.772,1,0.85,0.5725,0.5125,0.7875,2.772,2.183,2.925
Gun_NeedleLauncher,needle launcher,Biotech,mech_or_creature,mech_or_creature,Spacer,3,projectile,Verb_Shoot,15,0.35,1,0,2.5,2.1,4.6,24.9,0,0,90,1.5,2.6,,1400,True,0,0,12,100,0.2,,0,False,Ranged;RangedHeavy;LongShots,0.6,0.8,0.9,0.85,True,3.261,0.85,0.7846,1.957,2.609,2.935,2.772,1,0.85,0.5725,0.5125,0.7875,2.772,2.183,2.178
Gun_PumpShotgun,pump shotgun,Core,standard,shotgun,Industrial,2,projectile,Verb_Shoot,18,0.14,1,0,0.9,1.25,2.15,15.9,0,0,55,3,3.4,1.2e+04,253.2,False,253.2,210,12,100,0.2,Gunsmithing,500,True,Ranged;ShortShots,0.8,0.87,0.77,0.64,True,8.372,0.82,0.8391,6.698,7.284,6.447,5.358,1,0.6925,0.415,0.355,0.6825,6.865,4.685,3.737
Gun_Revolver,revolver,Core,standard,pistol,Industrial,2,projectile,Verb_Shoot,12,0.18,1,0,0.3,1.6,1.9,25.9,0,0,55,1,1.4,4000,135.4,False,135.4,121,12,100,0.2,Gunsmithing,500,True,Ranged;RangedLight,0.8,0.75,0.55,0.4,True,6.316,0.65,0.6929,5.053,4.737,3.474,2.526,1,0.7225,0.445,0.385,0.7025,4.105,2.884,2.935
Gun_Revolver_Unique,unique revolver,Odyssey,unique,unique,Industrial,2,projectile,Verb_Shoot,12,0.18,1,0,0.3,1.6,1.9,25.9,0,0,55,1,1.4,4000,135.4,False,135.4,121,12,100,0.2,,0,True,Ranged;RangedLight,0.8,0.75,0.55,0.4,True,6.316,0.65,0.6929,5.053,4.737,3.474,2.526,1,0.7225,0.445,0.385,0.7025,4.105,2.884,2.935
Gun_RocketswarmLauncher,rocketswarm tube,Core,turret,turret,,,explosive,Verb_Shoot,24,0.36,12,10,0,3.5,5.333,29.9,0,2.9,38,,40,,0,False,0,0,11,100,0.2,,0,False,Ranged,0.28,0.72,0.66,0.5,True,54,0.69,0.6007,15.12,38.88,35.64,27,1,0.8575,0.58,0.52,0.7925,37.26,29.53,32.29
Gun_Scattergun,scattergun,Odyssey,mech_or_creature,mech_or_creature,Spacer,3,projectile,Verb_Shoot,13,0.15,1,0,0.55,2,2.55,19.9,0,0,55,2.5,1.5,,1000,True,0,0,12,100,0.2,,0,False,Ranged;Ranged,0.8,0.87,0.72,0.6,True,5.098,0.795,0.8265,4.078,4.435,3.671,3.059,1,0.7,0.4225,0.3625,0.6875,4.053,2.786,2.486
Gun_Slugthrower,slugthrower,Biotech,mech_or_creature,mech_or_creature,Industrial,2,projectile,Verb_Shoot,12,0.18,1,0,0.3,4,4.3,19.9,0,0,70,,1.5,,1000,True,0,0,12,100,0.2,,0,False,Ranged;Ranged,0.2,0.3,0.4,0.95,True,2.791,0.35,0.287,0.5581,0.8372,1.116,2.651,1,0.7225,0.445,0.385,0.7025,0.9767,0.6862,0.6122
Gun_SmokeLauncher,smoke launcher,Core,standard,launcher,Industrial,2,explosive,Verb_Shoot,0,0,1,0,3.5,4.5,8,23.9,0,2.4,40,,3.4,3e+04,378.5,False,378.5,270.5,8,100,0.2,Gunsmithing,500,True,Ranged;RangedHeavy,,,,,False,0,1,1,0,0,0,0,1,0.5875,0.31,0.25,0.6125,0,0,0
Gun_SniperRifle,sniper rifle,Core,standard,sniper,Industrial,2,projectile,Verb_Shoot,25,0.375,1,0,3.5,1.5,5,44.9,0,0,100,1.5,4,4.5e+04,532,False,532,370,12,100,0.2,PrecisionRifling,1400,True,Ranged;LongShots;RangedHeavy,0.5,0.7,0.88,0.9,True,5,0.79,0.7766,2.5,3.5,4.4,4.5,1,0.8687,0.5912,0.5312,0.8,3.95,3.16,4.235
Gun_SniperRifle_Unique,unique sniper rifle,Odyssey,unique,unique,Industrial,2,projectile,Verb_Shoot,25,0.375,1,0,3.5,1.5,5,44.9,0,0,100,1.5,4,4.5e+04,532,False,532,370,12,100,0.2,,0,True,Ranged;LongShots;RangedHeavy,0.5,0.7,0.88,0.9,True,5,0.79,0.7766,2.5,3.5,4.4,4.5,1,0.8687,0.5912,0.5312,0.8,3.95,3.16,4.235
Gun_Spiner,spiner,Biotech,mech_or_creature,mech_or_creature,Industrial,2,projectile,Verb_Shoot,12,0.18,1,0,0.3,1.8,2.1,6.9,0,0,70,,1,,500,True,0,0,12,100,0.2,,0,False,Ranged;Ranged,0.2,0.3,0.4,0.95,True,5.714,0.35,0.2217,1.143,1.714,2.286,5.429,1,0.7225,0.445,0.385,0.7025,2,1.405,0.7381
Gun_TacticalTurret,tactical turret gun,Anomaly,turret,turret,,,projectile,Verb_Shoot,12,0.18,2,8,0,4.8,4.933,19.9,0,0,70,,5,,0,False,0,0,11,100,0.2,,0,False,Ranged,0.77,0.7,0.45,0.24,True,4.865,0.575,0.681,3.746,3.405,2.189,1.168,1,0.7225,0.445,0.385,0.7025,2.797,1.965,1.753
Gun_ThumpCannon,thump cannon,Core,mech_or_creature,mech_or_creature,Spacer,3,explosive,Verb_Shoot,9,0.135,1,0,1,4,5,24.9,0,1.9,50,3,20,,1400,True,0,0,12,100,0.2,,0,False,Ranged,0.8,0.87,0.77,0.64,True,1.8,0.82,0.8227,1.44,1.566,1.386,1.152,1,0.6887,0.4113,0.3513,0.68,1.476,1.004,1.002
Gun_ToxbombLauncher,toxbomb launcher,Biotech,standard,launcher,Industrial,2,explosive,Verb_Shoot,0,0,1,0,3.5,4.5,8,23.9,0,1.9,40,,3.4,3e+04,378.5,False,378.5,270.5,8,100,0.2,ToxGas,600,True,Ranged;RangedHeavy,,,,,False,0,1,1,0,0,0,0,1,0.5875,0.31,0.25,0.6125,0,0,0
Gun_ToxicNeedle,toxic needle gun,Biotech,mech_or_creature,mech_or_creature,Spacer,3,projectile,Verb_Shoot,25,0.35,1,0,2.35,2.1,4.45,44.9,0,0,90,1.5,2.6,,1400,True,0,0,12,100,0.2,,0,False,Ranged;RangedHeavy;LongShots,0.6,0.8,0.9,0.92,True,5.618,0.85,0.8307,3.371,4.494,5.056,5.169,1,0.85,0.5725,0.5125,0.7875,4.775,3.761,5.04
Gun_TripleRocket,triple rocket launcher,Core,standard,rocket,Spacer,3,explosive,Verb_ShootOneUse,50,0.1,3,20,4.5,4.5,9.667,35.9,0,3.9,50,,7,,1000,True,0,0,8,100,0.2,,0,False,Ranged;RangedHeavy,,,,,False,15.52,1,1,15.52,15.52,15.52,15.52,1,0.6625,0.385,0.325,0.6625,15.52,10.28,12.32
Gun_TurretFoam,foam sprayer,Core,turret,turret,,,projectile,Verb_ArcSprayProjectile,9999,0,41,2,0,0.1,1.433,19.9,0,0,27,1,5,,0,False,0,0,11,100,0.2,,0,False,Ranged,1,1,1,1,True,2.86e+05,1,1,2.86e+05,2.86e+05,2.86e+05,2.86e+05,1,0.5875,0.31,0.25,0.6125,2.86e+05,1.752e+05,1.563e+05
Gun_TurretSniper,uranium slug cannon,Core,turret,turret,,,projectile,Verb_Shoot,55,0.825,1,0,0,3.2,3.2,45.9,11.9,0,120,,40,,0,False,0,0,11,100,0.2,,0,False,Ranged,0.22,0.33,0.44,0.95,True,17.19,0.385,0.4931,3.781,5.672,7.562,16.33,1,1,0.9287,0.8687,0.9562,6.617,6.328,8.574
NerveSpiker,nerve spiker,Anomaly,mech_or_creature,mech_or_creature,Medieval,1,projectile,Verb_Shoot,11,0.165,1,0,1.45,1.65,3.1,29.9,0,0,44,,1.3,9000,62.4,False,62.4,30,12,100,0.2,BioferriteExtraction,0,True,Ranged;RangedLight,0.7,0.78,0.65,0.35,True,3.548,0.715,0.6958,2.484,2.768,2.306,1.242,1,0.7112,0.4337,0.3738,0.695,2.537,1.763,1.928
Pila,pila,Core,standard,bow,Neolithic,0,projectile,Verb_Shoot,25,0.1,1,0,4,2.5,6.5,18.9,0,0,26,2.5,4,7000,109.2,False,109.2,84,12,100,0.2,,0,True,Neolithic;Ranged,0.8,0.71,0.5,0.32,True,3.846,0.605,0.7102,3.077,2.731,1.923,1.231,1,0.6625,0.385,0.325,0.6625,2.327,1.542,1.34
Weapon_GrenadeEMP,EMP grenades,Core,standard,grenade,Industrial,2,explosive,Verb_LaunchProjectile,50,0,1,0,1.5,2.66,4.16,12.9,0,3.5,12,,1,2.4e+04,316.4,False,316.4,230,8,100,0.2,MicroelectronicsBasics,3000,True,Ranged,,,,,False,12.02,1,1,12.02,12.02,12.02,12.02,1,0.5875,0.31,0.25,0.6125,12.02,7.362,5.288
Weapon_GrenadeFrag,frag grenades,Core,standard,grenade,Industrial,2,explosive,Verb_LaunchProjectile,50,0.1,1,0,1.5,2.66,4.16,12.9,0,1.9,12,,1,1.2e+04,265.2,False,265.2,222,8,100,0.2,Machining,1000,True,Ranged,,,,,False,12.02,1,1,12.02,12.02,12.02,12.02,1,0.6625,0.385,0.325,0.6625,12.02,7.963,5.72
Weapon_GrenadeMolotov,molotov cocktails,Core,standard,grenade,Industrial,2,explosive,Verb_LaunchProjectile,10,0,1,0,1.5,2.66,4.16,12.9,0,1.1,12,,1,6000,243.1,False,243.1,221.5,8,100,0.2,Machining,1000,True,Ranged,,,,,False,2.404,1,1,2.404,2.404,2.404,2.404,1,0.5875,0.31,0.25,0.6125,2.404,1.472,1.058
Weapon_GrenadeTox,tox grenades,Biotech,standard,grenade,Industrial,2,explosive,Verb_LaunchProjectile,0,0,1,0,1.5,2.66,4.16,12.9,0,1.9,12,,1,2.4e+04,316.4,False,316.4,230,8,100,0.2,ToxGas,600,True,Ranged,,,,,False,0,1,1,0,0,0,0,1,0.5875,0.31,0.25,0.6125,0,0,0
