defName,label,source,group,role,tech,tier,kind,verbClass,damage,ap,burst,ticks_between,warmup,cooldown,cycle,range,min_range,radius,speed,stopping_power,mass,work,mv,mv_explicit,mv_formula,ingredients,n_statbases,hp,sell_factor,research,research_cost,craftable,weapon_classes,acc_touch,acc_short,acc_medium,acc_long,has_acc,dps_nominal,acc_mid,acc_avg_0_range,dps_at_3,dps_at_12,dps_at_25,dps_at_40,armor_mult_none,armor_mult_flak_jacket,armor_mult_marine_armor,armor_mult_flak_vest,armor_mult_avg,dps_eff_mid,dps_armored,power,mv_pred,mv_resid_log,cluster
Bow_Great,greatbow,Core,standard,bow,Neolithic,0,projectile,Verb_Shoot,17,0.15,1,0,2,1.5,3.5,29.9,0,0,49,1.5,3,9000,104.4,False,104.4,72,12,100,0.2,Greatbow,600,True,Neolithic;Ranged;RangedHeavy,0.65,0.85,0.75,0.5,True,4.857,0.8,0.7571,3.157,4.129,3.643,2.429,1,0.7,0.4225,0.3625,0.6875,3.886,2.671,2.922,127.7,-0.2018,0
Bow_Recurve,recurve bow,Core,standard,bow,Neolithic,0,projectile,Verb_Shoot,14,0.21,1,0,1.45,1.65,3.1,25.9,0,0,56,1,1.3,5000,66,False,66,48,12,100,0.2,RecurveBow,400,True,Neolithic;Ranged;RangedLight,0.7,0.78,0.65,0.35,True,4.516,0.715,0.7167,3.161,3.523,2.935,1.581,1,0.745,0.4675,0.4075,0.7175,3.229,2.317,2.358,101.7,-0.4327,0
Bow_Short,short bow,Core,standard,bow,Neolithic,0,projectile,Verb_Shoot,11,0.165,1,0,1.35,1.65,3,22.9,0,0,44,,0.8,2400,44.64,False,44.64,36,12,100,0.2,,0,True,Neolithic;Ranged;RangedLight,0.75,0.65,0.45,0.25,True,3.667,0.55,0.6258,2.75,2.383,1.65,0.9167,1,0.7112,0.4337,0.3738,0.695,2.017,1.402,1.341,55.85,-0.224,0
Flamebow,flamebow,Biotech,standard,bow,Neolithic,0,projectile,Verb_Shoot,6,0.09,1,0,1.35,1.65,3,22.9,0,0,44,,0.8,,45,True,0,0,12,100,0.2,,0,True,Neolithic;Ranged;RangedLight,0.75,0.65,0.45,0.25,True,2,0.55,0.6258,1.5,1.3,0.9,0.5,1,0.655,0.3775,0.3175,0.6575,1.1,0.7232,0.6922,27.64,0.4873,0
Gun_AssaultRifle,assault rifle,Core,standard,rifle,Industrial,2,projectile,Verb_Shoot,11,0.165,3,10,1,1.7,3.033,30.9,0,0,70,,3.5,4e+04,482,False,482,338,12,100,0.2,PrecisionRifling,1400,True,Ranged,0.6,0.7,0.65,0.55,True,10.88,0.675,0.6527,6.527,7.615,7.071,5.984,1,0.7112,0.4337,0.3738,0.695,7.343,5.104,5.674,484,-0.00413,0
Gun_Autopistol,autopistol,Core,standard,pistol,Industrial,2,projectile,Verb_Shoot,10,0.15,1,0,0.3,1,1.3,25.9,0,0,55,,1.2,5000,139,False,139,121,12,100,0.2,BlowbackOperation,500,True,Ranged;RangedLight,0.8,0.7,0.4,0.3,True,7.692,0.55,0.6206,6.154,5.385,3.077,2.308,1,0.7,0.4225,0.3625,0.6875,4.231,2.909,2.961,242.4,-0.5561,0
Gun_BeamRepeater,beam repeater,Odyssey,standard,heavy,Spacer,3,projectile,Verb_Shoot,5,0.5,30,10,4,3,11.83,21.9,0,0,,,10,6e+04,1233,False,1233,1017,12,100,0.2,BeamWeapons,4000,True,Ranged;RangedHeavy;Ultratech,0.65,0.72,0.65,0.6,True,12.68,0.685,0.6866,8.239,9.127,8.239,7.606,1,0.9625,0.685,0.625,0.8625,8.683,7.489,7.009,828.8,0.3973,3
Gun_BoltActionRifle,bolt-action rifle,Core,standard,sniper,Industrial,2,projectile,Verb_Shoot,18,0.27,1,0,1.7,1.5,3.2,36.9,0,0,70,1.5,3.5,1.2e+04,253.2,False,253.2,210,12,100,0.2,Gunsmithing,500,True,Ranged;LongShots,0.65,0.8,0.9,0.8,True,5.625,0.85,0.813,3.656,4.5,5.062,4.5,1,0.79,0.5125,0.4525,0.7475,4.781,3.574,4.342,364.2,-0.3635,1
Gun_ChainShotgun,chain shotgun,Core,standard,shotgun,Industrial,2,projectile,Verb_Shoot,18,0.14,3,10,1.2,1.35,2.883,12.9,0,0,55,3,4.5,3.1e+04,404.6,False,404.6,293,12,100,0.2,GasOperation,1000,True,Ranged;ShortShots,0.57,0.64,0.55,0.45,True,18.73,0.595,0.6074,10.68,11.99,10.3,8.428,1,0.6925,0.415,0.355,0.6825,11.14,7.605,5.463,464.9,-0.1389,0
Gun_ChargeRifle,charge rifle,Core,standard,rifle,Spacer,3,projectile,Verb_Shoot,16,0.35,3,12,1,2,3.4,27.9,0,0,70,,4.6,4.5e+04,1012,False,1012,850,12,100,0.2,ChargedShot,3000,True,Ranged;RangedLight,0.55,0.64,0.55,0.45,True,14.12,0.595,0.5846,7.765,9.035,7.765,6.353,1,0.85,0.5725,0.5125,0.7875,8.4,6.615,6.988,826.1,0.203,0
Gun_HeavySMG,heavy SMG,Core,standard,smg,Industrial,2,projectile,Verb_Shoot,12,0.18,3,11,0.9,1.65,2.917,22.9,0,0,48,,3.5,2.4e+04,356.9,False,356.9,270.5,12,100,0.2,GasOperation,1000,True,Ranged;ShortShots;RangedHeavy,0.85,0.65,0.35,0.2,True,12.34,0.5,0.6262,10.49,8.023,4.32,2.469,1,0.7225,0.445,0.385,0.7025,6.171,4.335,4.149,347,0.02805,0
Gun_HellcatRifle,hellcat rifle,Anomaly,standard,rifle,Industrial,2,projectile,Verb_Shoot,10,0.15,3,10,1.1,1.7,3.133,26.9,0,0,70,,3.5,4e+04,497,False,497,353,12,100,0.2,BioferriteIgnition,0,True,Ranged,0.6,0.7,0.65,0.55,True,9.574,0.675,0.6592,5.745,6.702,6.223,5.266,1,0.7,0.4225,0.3625,0.6875,6.463,4.443,4.609,388,0.2475,0
Gun_LMG,LMG,Core,standard,heavy,Industrial,2,projectile,Verb_Shoot,12,0.18,6,7,1.8,1.6,3.983,25.9,0,0,46,1,8.5,3.4e+04,424.9,False,424.9,302.5,12,100,0.2,GasOperation,1000,True,Ranged;RangedHeavy,0.4,0.48,0.35,0.26,True,18.08,0.415,0.4177,7.23,8.676,6.326,4.7,1,0.7225,0.445,0.385,0.7025,7.501,5.27,5.364,455.9,-0.07042,2
Gun_MachinePistol,machine pistol,Core,standard,pistol,Industrial,2,projectile,Verb_Shoot,6,0.09,3,7,0.5,0.9,1.633,19.9,0,0,55,,2.5,1.1e+04,221.1,False,221.1,181.5,12,100,0.2,BlowbackOperation,500,True,Ranged;RangedLight;ShortShots,0.9,0.65,0.35,0.15,True,11.02,0.5,0.6748,9.918,7.163,3.857,1.653,1,0.655,0.3775,0.3175,0.6575,5.51,3.623,3.232,266.1,-0.1853,0
Gun_Minigun,minigun,Core,standard,heavy,Industrial,2,projectile,Verb_Shoot,10,0.15,25,5,2.5,1.5,6,30.9,0,0,70,,10,6e+04,1160,False,1160,944,12,100,0.2,MultibarrelWeapons,2600,True,Ranged;RangedHeavy,0.2,0.25,0.25,0.18,True,41.67,0.25,0.2365,8.333,10.42,10.42,7.5,1,0.7,0.4225,0.3625,0.6875,10.42,7.161,7.962,693.8,0.514,2
Gun_PumpShotgun,pump shotgun,Core,standard,shotgun,Industrial,2,projectile,Verb_Shoot,18,0.14,1,0,0.9,1.25,2.15,15.9,0,0,55,3,3.4,1.2e+04,253.2,False,253.2,210,12,100,0.2,Gunsmithing,500,True,Ranged;ShortShots,0.8,0.87,0.77,0.64,True,8.372,0.82,0.8391,6.698,7.284,6.447,5.358,1,0.6925,0.415,0.355,0.6825,6.865,4.685,3.737,310.5,-0.2039,0
Gun_Revolver,revolver,Core,standard,pistol,Industrial,2,projectile,Verb_Shoot,12,0.18,1,0,0.3,1.6,1.9,25.9,0,0,55,1,1.4,4000,135.4,False,135.4,121,12,100,0.2,Gunsmithing,500,True,Ranged;RangedLight,0.8,0.75,0.55,0.4,True,6.316,0.65,0.6929,5.053,4.737,3.474,2.526,1,0.7225,0.445,0.385,0.7025,4.105,2.884,2.935,240.2,-0.5733,0
Gun_SniperRifle,sniper rifle,Core,standard,sniper,Industrial,2,projectile,Verb_Shoot,25,0.375,1,0,3.5,1.5,5,44.9,0,0,100,1.5,4,4.5e+04,532,False,532,370,12,100,0.2,PrecisionRifling,1400,True,Ranged;LongShots;RangedHeavy,0.5,0.7,0.88,0.9,True,5,0.79,0.7766,2.5,3.5,4.4,4.5,1,0.8687,0.5912,0.5312,0.8,3.95,3.16,4.235,354.6,0.4055,1
Pila,pila,Core,standard,bow,Neolithic,0,projectile,Verb_Shoot,25,0.1,1,0,4,2.5,6.5,18.9,0,0,26,2.5,4,7000,109.2,False,109.2,84,12,100,0.2,,0,True,Neolithic;Ranged,0.8,0.71,0.5,0.32,True,3.846,0.605,0.7102,3.077,2.731,1.923,1.231,1,0.6625,0.385,0.325,0.6625,2.327,1.542,1.34,55.8,0.6714,0
