key,stat,n,min,q1,median,q3,max,iqr
Medieval,avg_damage,5,13.41,14.04,15.04,17.91,22,3.867
Medieval,dps,5,6.706,6.888,7.021,7.522,8.604,0.6335
Medieval,dps_select,5,6.75,6.827,7.012,7.125,7.959,0.2981
Medieval,avg_ap,5,0.2012,0.2106,0.2257,0.2686,0.3301,0.058
Medieval,sel_ap,5,0.2025,0.2104,0.2137,0.2662,0.2925,0.05588
Medieval,best_dps,5,7.5,7.692,7.85,8,8.846,0.3077
Medieval,avg_cooldown,5,2,2,2,2.557,2.6,0.5573
Medieval,mass,5,0.85,1.25,1.5,2,5,0.75
Medieval,work,5,6000,7000,1.2e+04,1.8e+04,1.8e+04,1.1e+04
Medieval,mv,5,116.6,120.2,138.2,254.8,349.8,134.6
Medieval,stuff_count,5,50,50,50,100,150,50
Neolithic,avg_damage,5,8.613,11.81,12.54,13.41,19.1,1.6
Neolithic,dps,5,4.944,6.269,6.5,6.706,7.347,0.4369
Neolithic,dps_select,5,6.3,6.375,6.75,7.231,7.885,0.8558
Neolithic,avg_ap,5,0.1292,0.1772,0.1881,0.2012,0.3811,0.02399
Neolithic,sel_ap,5,0.1181,0.1763,0.1913,0.2025,0.4238,0.02625
Neolithic,best_dps,5,7,7.5,7.5,8,8.846,0.5
Neolithic,avg_cooldown,5,1.742,1.817,2,2,2.6,0.1827
Neolithic,mass,5,0.5,1.1,1.1,2,2,0.9
Neolithic,work,5,1200,1800,5000,5000,1.2e+04,3200
Neolithic,mv,5,63.48,80.32,113,113,185.7,32.68
Neolithic,stuff_count,5,30,40,50,50,75,10
Ultra,avg_damage,7,12,20.71,23.66,26.81,27.96,6.099
Ultra,dps,7,4.615,8.898,11.11,12.74,16.03,3.843
Ultra,dps_select,7,4.615,8.736,10.66,12.31,14.53,3.573
Ultra,avg_ap,7,0.18,0.3106,0.4195,0.6225,0.8353,0.3119
Ultra,sel_ap,7,0.18,0.2925,0.405,0.5625,0.72,0.27
Ultra,best_dps,7,4.615,9.205,11.5,13.3,16.88,4.09
Ultra,avg_cooldown,7,1.6,1.955,2.086,2.558,2.81,0.6025
Ultra,mass,7,1.2,2,2,2,2,0
Ultra,mv,7,2000,2000,2000,3000,3000,1000
Ultra,stuff_count,7,0,0,0,0,0,0
