key,stat,n,min,q1,median,q3,max,iqr,by
Industrial,damage,12,6,10,12,18,25,8,tech
Industrial,ap,12,0.09,0.1475,0.1575,0.18,0.375,0.0325,tech
Industrial,dps_nominal,12,5,7.348,10.23,13.78,41.67,6.428,tech
Industrial,dps_eff_mid,12,3.95,4.644,6.317,7.383,11.14,2.739,tech
Industrial,power,12,2.935,3.611,4.288,5.389,7.962,1.778,tech
Industrial,cooldown,12,0.9,1.325,1.5,1.613,1.7,0.2875,tech
Industrial,warmup,12,0.3,0.8,1.05,1.725,3.5,0.925,tech
Industrial,range,12,12.9,22.15,25.9,30.9,44.9,8.75,tech
Industrial,mass,12,1.2,3.175,3.5,4.125,10,0.95,tech
Industrial,work,12,4000,1.175e+04,2.75e+04,4e+04,6e+04,2.825e+04,tech
Industrial,mv,12,135.4,245.2,380.8,485.8,1160,240.6,tech
Industrial,burst,12,1,1,3,3,25,2,tech
Industrial,acc_mid,12,0.25,0.5,0.6225,0.7038,0.85,0.2038,tech
Neolithic,damage,5,6,11,14,17,25,6,tech
Neolithic,ap,5,0.09,0.1,0.15,0.165,0.21,0.065,tech
Neolithic,dps_nominal,5,2,3.667,3.846,4.516,4.857,0.8495,tech
Neolithic,dps_eff_mid,5,1.1,2.017,2.327,3.229,3.886,1.212,tech
Neolithic,power,5,0.6922,1.34,1.341,2.358,2.922,1.018,tech
Neolithic,cooldown,5,1.5,1.65,1.65,1.65,2.5,0,tech
Neolithic,warmup,5,1.35,1.35,1.45,2,4,0.65,tech
Neolithic,range,5,18.9,22.9,22.9,25.9,29.9,3,tech
Neolithic,mass,5,0.8,0.8,1.3,3,4,2.2,tech
Neolithic,work,4,2400,4350,6000,7500,9000,3150,tech
Neolithic,mv,5,44.64,45,66,104.4,109.2,59.4,tech
Neolithic,burst,5,1,1,1,1,1,0,tech
Neolithic,acc_mid,5,0.55,0.55,0.605,0.715,0.8,0.165,tech
Spacer,damage,2,5,7.75,10.5,13.25,16,5.5,tech
Spacer,ap,2,0.35,0.3875,0.425,0.4625,0.5,0.075,tech
Spacer,dps_nominal,2,12.68,13.04,13.4,13.76,14.12,0.7208,tech
Spacer,dps_eff_mid,2,8.4,8.471,8.542,8.612,8.683,0.1415,tech
Spacer,power,2,6.988,6.993,6.999,7.004,7.009,0.01067,tech
Spacer,cooldown,2,2,2.25,2.5,2.75,3,0.5,tech
Spacer,warmup,2,1,1.75,2.5,3.25,4,1.5,tech
Spacer,range,2,21.9,23.4,24.9,26.4,27.9,3,tech
Spacer,mass,2,4.6,5.95,7.3,8.65,10,2.7,tech
Spacer,work,2,4.5e+04,4.875e+04,5.25e+04,5.625e+04,6e+04,7500,tech
Spacer,mv,2,1012,1067,1122,1178,1233,110.5,tech
Spacer,burst,2,3,9.75,16.5,23.25,30,13.5,tech
Spacer,acc_mid,2,0.595,0.6175,0.64,0.6625,0.685,0.045,tech
bow,damage,5,6,11,14,17,25,6,role
bow,ap,5,0.09,0.1,0.15,0.165,0.21,0.065,role
bow,dps_nominal,5,2,3.667,3.846,4.516,4.857,0.8495,role
bow,dps_eff_mid,5,1.1,2.017,2.327,3.229,3.886,1.212,role
bow,power,5,0.6922,1.34,1.341,2.358,2.922,1.018,role
bow,cooldown,5,1.5,1.65,1.65,1.65,2.5,0,role
bow,warmup,5,1.35,1.35,1.45,2,4,0.65,role
bow,range,5,18.9,22.9,22.9,25.9,29.9,3,role
bow,mass,5,0.8,0.8,1.3,3,4,2.2,role
bow,work,4,2400,4350,6000,7500,9000,3150,role
bow,mv,5,44.64,45,66,104.4,109.2,59.4,role
bow,burst,5,1,1,1,1,1,0,role
bow,acc_mid,5,0.55,0.55,0.605,0.715,0.8,0.165,role
heavy,damage,3,5,7.5,10,11,12,3.5,role
heavy,ap,3,0.15,0.165,0.18,0.34,0.5,0.175,role
heavy,dps_nominal,3,12.68,15.38,18.08,29.87,41.67,14.5,role
heavy,dps_eff_mid,3,7.501,8.092,8.683,9.55,10.42,1.458,role
heavy,power,3,5.364,6.187,7.009,7.486,7.962,1.299,role
heavy,cooldown,3,1.5,1.55,1.6,2.3,3,0.75,role
heavy,warmup,3,1.8,2.15,2.5,3.25,4,1.1,role
heavy,range,3,21.9,23.9,25.9,28.4,30.9,4.5,role
heavy,mass,3,8.5,9.25,10,10,10,0.75,role
heavy,work,3,3.4e+04,4.7e+04,6e+04,6e+04,6e+04,1.3e+04,role
heavy,mv,3,424.9,792.5,1160,1196,1233,404,role
heavy,burst,3,6,15.5,25,27.5,30,12,role
heavy,acc_mid,3,0.25,0.3325,0.415,0.55,0.685,0.2175,role
pistol,damage,3,6,8,10,11,12,3,role
pistol,ap,3,0.09,0.12,0.15,0.165,0.18,0.045,role
pistol,dps_nominal,3,6.316,7.004,7.692,9.356,11.02,2.352,role
pistol,dps_eff_mid,3,4.105,4.168,4.231,4.87,5.51,0.7025,role
pistol,power,3,2.935,2.948,2.961,3.096,3.232,0.1485,role
pistol,cooldown,3,0.9,0.95,1,1.3,1.6,0.35,role
pistol,warmup,3,0.3,0.3,0.3,0.4,0.5,0.1,role
pistol,range,3,19.9,22.9,25.9,25.9,25.9,3,role
pistol,mass,3,1.2,1.3,1.4,1.95,2.5,0.65,role
pistol,work,3,4000,4500,5000,8000,1.1e+04,3500,role
pistol,mv,3,135.4,137.2,139,180.1,221.1,42.85,role
pistol,burst,3,1,1,1,2,3,1,role
pistol,acc_mid,3,0.5,0.525,0.55,0.6,0.65,0.075,role
rifle,damage,3,10,10.5,11,13.5,16,3,role
rifle,ap,3,0.15,0.1575,0.165,0.2575,0.35,0.1,role
rifle,dps_nominal,3,9.574,10.23,10.88,12.5,14.12,2.272,role
rifle,dps_eff_mid,3,6.463,6.903,7.343,7.872,8.4,0.9686,role
rifle,power,3,4.609,5.141,5.674,6.331,6.988,1.19,role
rifle,cooldown,3,1.7,1.7,1.7,1.85,2,0.15,role
rifle,warmup,3,1,1,1,1.05,1.1,0.05,role
rifle,range,3,26.9,27.4,27.9,29.4,30.9,2,role
rifle,mass,3,3.5,3.5,3.5,4.05,4.6,0.55,role
rifle,work,3,4e+04,4e+04,4e+04,4.25e+04,4.5e+04,2500,role
rifle,mv,3,482,489.5,497,754.5,1012,265,role
rifle,burst,3,3,3,3,3,3,0,role
rifle,acc_mid,3,0.595,0.635,0.675,0.675,0.675,0.04,role
shotgun,damage,2,18,18,18,18,18,0,role
shotgun,ap,2,0.14,0.14,0.14,0.14,0.14,0,role
shotgun,dps_nominal,2,8.372,10.96,13.55,16.14,18.73,5.178,role
shotgun,dps_eff_mid,2,6.865,7.935,9.004,10.07,11.14,2.139,role
shotgun,power,2,3.737,4.168,4.6,5.032,5.463,0.8633,role
shotgun,cooldown,2,1.25,1.275,1.3,1.325,1.35,0.05,role
shotgun,warmup,2,0.9,0.975,1.05,1.125,1.2,0.15,role
shotgun,range,2,12.9,13.65,14.4,15.15,15.9,1.5,role
shotgun,mass,2,3.4,3.675,3.95,4.225,4.5,0.55,role
shotgun,work,2,1.2e+04,1.675e+04,2.15e+04,2.625e+04,3.1e+04,9500,role
shotgun,mv,2,253.2,291.1,328.9,366.8,404.6,75.7,role
shotgun,burst,2,1,1.5,2,2.5,3,1,role
shotgun,acc_mid,2,0.595,0.6512,0.7075,0.7638,0.82,0.1125,role
smg,damage,1,12,12,12,12,12,0,role
smg,ap,1,0.18,0.18,0.18,0.18,0.18,0,role
smg,dps_nominal,1,12.34,12.34,12.34,12.34,12.34,0,role
smg,dps_eff_mid,1,6.171,6.171,6.171,6.171,6.171,0,role
smg,power,1,4.149,4.149,4.149,4.149,4.149,0,role
smg,cooldown,1,1.65,1.65,1.65,1.65,1.65,0,role
smg,warmup,1,0.9,0.9,0.9,0.9,0.9,0,role
smg,range,1,22.9,22.9,22.9,22.9,22.9,0,role
smg,mass,1,3.5,3.5,3.5,3.5,3.5,0,role
smg,work,1,2.4e+04,2.4e+04,2.4e+04,2.4e+04,2.4e+04,0,role
smg,mv,1,356.9,356.9,356.9,356.9,356.9,0,role
smg,burst,1,3,3,3,3,3,0,role
smg,acc_mid,1,0.5,0.5,0.5,0.5,0.5,0,role
sniper,damage,2,18,19.75,21.5,23.25,25,3.5,role
sniper,ap,2,0.27,0.2963,0.3225,0.3488,0.375,0.0525,role
sniper,dps_nominal,2,5,5.156,5.312,5.469,5.625,0.3125,role
sniper,dps_eff_mid,2,3.95,4.158,4.366,4.573,4.781,0.4156,role
sniper,power,2,4.235,4.262,4.288,4.315,4.342,0.05359,role
sniper,cooldown,2,1.5,1.5,1.5,1.5,1.5,0,role
sniper,warmup,2,1.7,2.15,2.6,3.05,3.5,0.9,role
sniper,range,2,36.9,38.9,40.9,42.9,44.9,4,role
sniper,mass,2,3.5,3.625,3.75,3.875,4,0.25,role
sniper,work,2,1.2e+04,2.025e+04,2.85e+04,3.675e+04,4.5e+04,1.65e+04,role
sniper,mv,2,253.2,322.9,392.6,462.3,532,139.4,role
sniper,burst,2,1,1,1,1,1,0,role
sniper,acc_mid,2,0.79,0.805,0.82,0.835,0.85,0.03,role
