defName,label,joint_best_preset,firearm_subset,preset,matched_by,vanilla_mass,vanilla_range,vanilla_warmup,vanilla_cooldown,vanilla_burst,vanilla_damage,vanilla_speed,ce_mass,ce_bulk,ce_range,ce_warmup,ce_cooldown,ce_spread,ce_sway,ce_recoil,ce_magazine,ce_reload,ce_burst,ce_ammoSet,auto_mass,auto_bulk,auto_range,auto_warmup,auto_cooldown,auto_spread,auto_sway,auto_recoil,auto_magazine,auto_reload,auto_burst,auto_ammoSet
Gun_MiniTurretMech,mini-slugger,AssaultRifle,False,SniperRifle,fallback,5.0,45.9,,5.1,1.0,12.0,70.0,10.0,7.0,55.0,1.3,0.36,0.08,0.72,0.85,100.0,7.8,5.0,AmmoSet_6x22mmCharged,7.35,12.0,75.0,1.8,2.3,0.05,1.35,,6.0,4.0,1.0,AmmoSet_762x51mmNATO
Gun_ChargeBlasterHeavyTurret,light charge blaster,MachineGun,True,SniperRifle,fallback,22.0,45.9,1.25,7.4,9.0,15.0,90.0,35.0,,75.0,2.0,0.36,0.01,1.33,1.08,200.0,9.2,10.0,AmmoSet_12x64mmCharged,7.35,12.0,75.0,1.8,2.3,0.05,1.35,,6.0,4.0,1.0,AmmoSet_762x51mmNATO
Gun_InfernoCannonTurret,inferno cannon,SniperRifle,False,SniperRifle,fallback,18.0,45.9,1.25,8.4,1.0,,45.0,200.0,,86.0,4.3,2.52,0.01,0.82,1.59,5.0,8.0,1.0,AmmoSet_80x256mmFuel,7.35,12.0,75.0,1.8,2.3,0.05,1.35,,6.0,4.0,1.0,AmmoSet_762x51mmNATO
Artillery_AutoMortar,auto-mortar,Pistol,False,SniperRifle,fallback,,500.0,4.0,,1.0,,41.0,,,700.0,11.0,,,,,10.0,9.8,1.0,AmmoSet_66mmThermalBolt,7.35,12.0,75.0,1.8,2.3,0.05,1.35,,6.0,4.0,1.0,AmmoSet_762x51mmNATO
Gun_MiniTurret,mini-turret gun,AssaultRifle,False,SniperRifle,fallback,5.0,28.9,0.0,4.8,2.0,12.0,70.0,4.0,,48.0,1.3,0.36,0.07,0.67,1.02,100.0,7.8,10.0,AmmoSet_556x45mmNATO,7.35,12.0,75.0,1.8,2.3,0.05,1.35,,6.0,4.0,1.0,AmmoSet_762x51mmNATO
Gun_AutocannonTurret,autocannon,MachineGun,False,SniperRifle,fallback,40.0,32.9,0.0,3.5,3.0,27.0,88.0,50.0,,78.0,2.3,0.37,0.01,1.61,1.5,100.0,7.8,10.0,AmmoSet_20x102mmNATO,7.35,12.0,75.0,1.8,2.3,0.05,1.35,,6.0,4.0,1.0,AmmoSet_762x51mmNATO
Gun_TurretSniper,uranium slug cannon,MachineGun,False,SniperRifle,fallback,40.0,45.9,0.0,3.2,1.0,55.0,120.0,50.0,,86.0,4.6,0.5,0.01,1.89,4.15,20.0,6.8,1.0,AmmoSet_40x311mmR,7.35,12.0,75.0,1.8,2.3,0.05,1.35,,6.0,4.0,1.0,AmmoSet_762x51mmNATO
Gun_RocketswarmLauncher,rocketswarm tube,SniperRifle,False,SniperRifle,fallback,40.0,29.9,,3.5,12.0,24.0,38.0,40.0,,86.0,3.6,3.5,,,1.73,12.0,6.5,4.0,AmmoSet_50mmRocket,7.35,12.0,75.0,1.8,2.3,0.05,1.35,,6.0,4.0,1.0,AmmoSet_762x51mmNATO
Gun_Revolver,revolver,Revolver,True,Revolver,name token,1.4,25.9,0.3,1.6,1.0,12.0,55.0,1.39,2.79,12.0,0.6,0.49,0.16,1.39,2.96,6.0,4.6,1.0,AmmoSet_44Magnum,1.96,2.5,12.0,0.6,0.49,0.2,1.3,,6.0,4.6,1.0,AmmoSet_44Magnum
Gun_Autopistol,autopistol,Pistol,True,Revolver,verb ranges,1.2,25.9,0.3,1.0,1.0,10.0,55.0,1.11,2.1,12.0,0.6,0.38,0.17,1.07,2.72,7.0,4.0,1.0,AmmoSet_45ACP,1.96,2.5,12.0,0.6,0.49,0.2,1.3,,6.0,4.6,1.0,AmmoSet_44Magnum
Gun_MachinePistol,machine pistol,Revolver,True,Pistol,name token,2.5,19.9,0.5,0.9,3.0,6.0,55.0,2.84,2.95,12.0,0.6,0.36,0.16,1.93,1.71,30.0,4.0,6.0,AmmoSet_45ACP,1.11,2.25,10.0,0.6,0.38,0.17,1.1,,8.0,4.0,1.0,AmmoSet_45ACP
Gun_IncendiaryLauncher,incendiary launcher,Pistol,False,SniperRifle,fallback,3.4,23.9,3.5,3.5,1.0,,40.0,8.0,10.0,40.0,1.0,0.43,0.15,1.8,3.87,5.0,0.85,1.0,AmmoSet_30x64mmFuel,7.35,12.0,75.0,1.8,2.3,0.05,1.35,,6.0,4.0,1.0,AmmoSet_762x51mmNATO
Gun_BoltActionRifle,bolt-action rifle,SniperRifle,True,SniperRifle,fallback,3.5,36.9,1.7,1.5,1.0,18.0,70.0,4.19,12.6,55.0,1.1,1.17,0.02,1.68,2.04,10.0,4.3,1.0,AmmoSet_303British,7.35,12.0,75.0,1.8,2.3,0.05,1.35,,6.0,4.0,1.0,AmmoSet_762x51mmNATO
Gun_PumpShotgun,pump shotgun,Revolver,True,SniperRifle,fallback,3.4,15.9,0.9,1.25,1.0,18.0,55.0,3.05,10.0,16.0,0.6,0.99,0.14,1.31,2.72,5.0,0.85,1.0,AmmoSet_12Gauge,7.35,12.0,75.0,1.8,2.3,0.05,1.35,,6.0,4.0,1.0,AmmoSet_762x51mmNATO
Gun_ChainShotgun,chain shotgun,Pistol,True,SniperRifle,fallback,4.5,12.9,1.2,1.35,3.0,18.0,55.0,3.5,6.7,16.0,0.6,0.39,0.15,1.26,2.54,8.0,4.0,1.0,AmmoSet_12Gauge,7.35,12.0,75.0,1.8,2.3,0.05,1.35,,6.0,4.0,1.0,AmmoSet_762x51mmNATO
Gun_HeavySMG,heavy SMG,SMGs,True,SniperRifle,fallback,3.5,22.9,0.9,1.65,3.0,12.0,48.0,2.5,4.5,25.0,0.6,0.37,0.14,0.94,1.79,25.0,4.0,6.0,AmmoSet_45ACP,7.35,12.0,75.0,1.8,2.3,0.05,1.35,,6.0,4.0,1.0,AmmoSet_762x51mmNATO
Gun_LMG,LMG,MachineGun,True,MachineGun,name token,8.5,25.9,1.8,1.6,6.0,12.0,46.0,8.7,12.9,62.0,1.3,0.56,0.05,1.37,1.38,50.0,4.9,10.0,AmmoSet_303British,8.5,14.0,62.0,1.3,0.56,0.05,1.53,1.3,50.0,4.9,10.0,AmmoSet_556x45mmNATO
Gun_AssaultRifle,assault rifle,AssaultRifle,True,AssaultRifle,verb ranges,3.5,30.9,1.0,1.7,3.0,11.0,70.0,3.26,10.03,55.0,1.1,0.36,0.07,1.33,1.5,30.0,4.0,6.0,AmmoSet_556x45mmNATO,3.25,10.0,55.0,1.1,0.36,0.07,1.3,1.53,30.0,4.0,6.0,AmmoSet_556x45mmNATO
Gun_SniperRifle,sniper rifle,SniperRifle,True,SniperRifle,tag,4.0,44.9,3.5,1.5,1.0,25.0,100.0,7.3,11.92,75.0,1.8,1.36,0.05,1.35,1.5,5.0,4.0,1.0,AmmoSet_762x51mmNATO,7.35,12.0,75.0,1.8,2.3,0.05,1.35,,6.0,4.0,1.0,AmmoSet_762x51mmNATO
Gun_Minigun,minigun,AssaultRifle,True,SniperRifle,fallback,10.0,30.9,2.5,1.5,25.0,10.0,70.0,20.0,10.0,62.0,2.1,0.35,0.06,3.22,0.97,250.0,9.2,50.0,AmmoSet_762x51mmNATO,7.35,12.0,75.0,1.8,2.3,0.05,1.35,,6.0,4.0,1.0,AmmoSet_762x51mmNATO
Gun_ChargeBlasterHeavy,heavy charge blaster,MachineGun,True,SniperRifle,fallback,22.0,26.9,1.25,7.4,24.0,15.0,90.0,35.0,13.0,75.0,1.3,0.36,0.01,1.33,1.08,100.0,9.2,10.0,AmmoSet_12x64mmCharged,7.35,12.0,75.0,1.8,2.3,0.05,1.35,,6.0,4.0,1.0,AmmoSet_762x51mmNATO
Gun_InfernoCannon,inferno cannon,SniperRifle,False,SniperRifle,fallback,18.0,26.9,1.25,8.4,1.0,,45.0,50.0,20.0,86.0,4.3,2.59,0.01,0.14,3.18,1.0,1.6,1.0,AmmoSet_80x256mmFuel,7.35,12.0,75.0,1.8,2.3,0.05,1.35,,6.0,4.0,1.0,AmmoSet_762x51mmNATO
Gun_Needle,needle gun,AssaultRifle,True,SniperRifle,fallback,2.6,44.9,2.5,2.1,1.0,15.0,90.0,2.6,15.0,75.0,1.5,0.38,0.01,0.85,1.62,10.0,4.0,1.0,AmmoSet_5x50mmCaseless,7.35,12.0,75.0,1.8,2.3,0.05,1.35,,6.0,4.0,1.0,AmmoSet_762x51mmNATO
Gun_ChargeRifle,charge rifle,AssaultRifle,True,AssaultRifle,verb ranges,4.6,27.9,1.0,2.0,3.0,16.0,70.0,3.0,7.0,55.0,1.0,0.36,0.08,1.2,1.46,30.0,4.0,6.0,AmmoSet_6x24mmCharged,3.25,10.0,55.0,1.1,0.36,0.07,1.3,1.53,30.0,4.0,6.0,AmmoSet_556x45mmNATO
Gun_ChargeLance,charge lance,AssaultRifle,True,SniperRifle,fallback,8.0,32.9,1.7,2.7,1.0,30.0,120.0,8.0,13.0,62.0,1.3,0.36,0.01,0.88,0.92,10.0,4.0,1.0,AmmoSet_5x35mmCharged,7.35,12.0,75.0,1.8,2.3,0.05,1.35,,6.0,4.0,1.0,AmmoSet_762x54mmR
Gun_ThumpCannon,thump cannon,SniperRifle,False,SniperRifle,fallback,20.0,24.9,1.0,4.0,1.0,9.0,50.0,50.0,20.0,42.0,3.3,2.2,0.01,0.21,0.1,1.0,9.8,1.0,AmmoSet_164x284mmDemo,7.35,12.0,75.0,1.8,2.3,0.05,1.35,,6.0,4.0,1.0,AmmoSet_762x51mmNATO
Gun_MiniShotgun,mini-shotgun,Revolver,True,SniperRifle,fallback,1.5,12.9,1.2,1.7,1.0,10.0,55.0,1.5,7.0,14.0,0.8,0.6,0.15,0.53,2.42,6.0,4.9,1.0,AmmoSet_410Bore,7.35,12.0,75.0,1.8,2.3,0.05,1.35,,6.0,4.0,1.0,AmmoSet_762x51mmNATO
Gun_Slugthrower,slugthrower,Pistol,True,SniperRifle,fallback,1.5,19.9,0.3,4.0,1.0,12.0,70.0,1.5,6.0,35.0,1.3,0.37,0.07,0.53,1.66,10.0,4.0,1.0,AmmoSet_556x45mmNATO,7.35,12.0,75.0,1.8,2.3,0.05,1.35,,6.0,4.0,1.0,AmmoSet_762x51mmNATO
Gun_ToxicNeedle,toxic needle gun,AssaultRifle,True,SniperRifle,fallback,2.6,44.9,2.35,2.1,1.0,25.0,90.0,2.6,15.0,75.0,1.5,0.38,0.01,0.85,1.8,20.0,4.0,4.0,AmmoSet_5x50mmCaselessToxic,7.35,12.0,75.0,1.8,2.3,0.05,1.35,,6.0,4.0,1.0,AmmoSet_762x51mmNATO
Gun_TacticalTurret,tactical turret gun,SMGs,False,SniperRifle,fallback,5.0,19.9,0.0,4.8,2.0,12.0,70.0,5.0,,40.0,1.3,0.36,0.11,0.63,1.35,60.0,7.8,10.0,AmmoSet_556x45mmNATO,7.35,12.0,75.0,1.8,2.3,0.05,1.35,,6.0,4.0,1.0,AmmoSet_762x51mmNATO
Gun_HellcatRifle,hellcat rifle,AssaultRifle,True,AssaultRifle,verb ranges,3.5,26.9,1.1,1.7,3.0,10.0,70.0,4.35,9.5,48.0,1.1,0.36,0.14,1.17,1.16,30.0,4.0,6.0,AmmoSet_556x45mmNATO_SB,3.25,10.0,55.0,1.1,0.36,0.07,1.3,1.53,30.0,4.0,6.0,AmmoSet_556x45mmNATO
NerveSpiker,nerve spiker,Revolver,True,SniperRifle,fallback,1.3,29.9,1.45,1.65,1.0,11.0,44.0,3.5,6.0,28.0,1.0,1.0,0.5,1.2,,1.0,4.0,1.0,AmmoSet_NerveSpikerBolt,7.35,12.0,75.0,1.8,2.3,0.05,1.35,,6.0,4.0,1.0,AmmoSet_762x51mmNATO
Gun_AncientArmoredTurret,ancient defender turret gun,AssaultRifle,False,SniperRifle,fallback,5.0,36.9,0.0,5.8,3.0,8.0,70.0,4.0,,48.0,1.3,0.36,0.07,0.67,1.02,200.0,7.8,10.0,AmmoSet_556x45mmNATO_SB,7.35,12.0,75.0,1.8,2.3,0.05,1.35,,6.0,4.0,1.0,AmmoSet_762x51mmNATO
