weapon,tool,v_power,v_cooldown,v_ap,ce_power,ce_cooldown,ce_apSharp,ce_apBlunt,auto_apSharp,auto_apBlunt
Beer,bottle,9.0,2.0,,2.0,2.22,,0.338,0.5,2.0
Beer,neck,9.0,2.0,,1.0,3.33,,0.15,0.5,2.0
MeleeWeapon_BreachAxe,handle,9.0,2.0,,5.0,1.97,,1.5,0.5,2.0
MeleeWeapon_BreachAxe,head,7.5,1.0,,17.0,2.65,,3.375,0.5,2.0
MeleeWeapon_Mace,handle,9.0,2.0,,2.0,1.59,,0.625,0.5,2.0
MeleeWeapon_Mace,head,15.7,2.0,,15.0,1.9,,5.625,0.5,2.0
MeleeWeapon_Gladius,handle,9.0,2.0,,2.0,1.44,,0.425,0.5,2.0
MeleeWeapon_Gladius,point,16.0,2.0,,27.0,1.44,0.48,0.425,0.5,2.0
MeleeWeapon_Gladius,edge,16.0,2.0,,20.0,1.34,0.43,0.956,0.5,2.0
MeleeWeapon_LongSword,handle,9.0,2.0,,4.0,1.78,,1.0,0.5,2.0
MeleeWeapon_LongSword,point,23.0,2.6,,18.0,1.78,2.0,1.0,0.5,2.0
MeleeWeapon_LongSword,edge,23.0,2.6,,40.0,1.64,0.72,3.24,0.5,2.0
MeleeWeapon_Club,handle,9.0,2.0,,4.0,1.78,,1.0,0.5,2.0
MeleeWeapon_Club,head,14.0,2.0,,11.0,3.48,,4.0,0.5,2.0
MeleeWeapon_Knife,handle,9.0,2.0,,1.0,1.26,,0.25,0.5,2.0
MeleeWeapon_Knife,blade,12.0,1.5,,10.0,1.18,0.32,0.36,0.5,2.0
MeleeWeapon_Knife,point,13.0,2.0,,11.0,1.2,0.42,0.25,0.5,2.0
MeleeWeapon_Ikwa,head,15.0,2.0,,22.0,1.54,0.46,0.55,0.5,2.0
MeleeWeapon_Spear,shaft,13.0,2.6,,4.0,1.78,,1.0,0.5,2.0
MeleeWeapon_MonoSwordBladelink,handle,12.0,1.6,,2.0,1.36,,0.605,0.5,2.0
MeleeWeapon_MonoSwordBladelink,point,27.0,1.6,0.9,16.0,0.85,30.24,1.173,0.9,0.9
MeleeWeapon_MonoSwordBladelink,edge,27.0,1.6,0.9,38.0,0.74,21.78,3.485,0.9,0.9
MeleeWeapon_ZeusHammerBladelink,handle,15.0,1.6,,4.0,1.62,,1.21,0.5,2.0
MeleeWeapon_ZeusHammerBladelink,head,31.0,2.2,,58.0,2.19,,200.0,0.5,2.0
MeleeWeapon_PlasmaSwordBladelink,handle,12.0,1.6,,3.0,1.53,,0.968,0.5,2.0
MeleeWeapon_PlasmaSwordBladelink,point,23.0,2.0,,26.0,0.96,38.72,2.478,0.5,2.0
MeleeWeapon_PlasmaSwordBladelink,edge,23.0,2.0,,51.0,1.03,29.04,5.576,0.5,2.0
MeleeWeapon_Axe,handle,9.0,2.0,,3.0,1.66,,0.75,0.5,2.0
MeleeWeapon_Axe,edge,15.0,2.0,,25.0,2.47,1.57,4.69,0.5,2.0
MeleeWeapon_Warhammer,handle,11.0,2.6,,4.0,1.89,,1.25,0.5,2.0
MeleeWeapon_Warhammer,head,20.0,2.6,,27.0,2.45,,11.25,0.5,2.0
MeleeWeapon_MonoSword,handle,12.0,1.6,,2.0,1.5,,0.5,0.5,2.0
MeleeWeapon_MonoSword,point,25.0,2.0,0.9,16.0,0.94,25.0,1.28,0.9,0.9
MeleeWeapon_MonoSword,edge,25.0,2.0,0.9,35.0,0.83,18.0,2.88,0.9,0.9
MeleeWeapon_Zeushammer,handle,15.0,2.0,,4.0,1.78,,1.0,0.5,2.0
MeleeWeapon_Zeushammer,head,31.0,3.0,,49.0,2.45,,160.0,0.5,2.0
MeleeWeapon_PlasmaSword,handle,12.0,2.0,,3.0,1.69,,0.8,0.5,2.0
MeleeWeapon_PlasmaSword,point,21.0,2.6,,25.0,1.05,32.0,2.048,0.5,2.0
MeleeWeapon_PlasmaSword,edge,21.0,2.6,,47.0,1.17,24.0,4.06,0.5,2.0
MeleeWeapon_PsyfocusStaff,head,12.0,2.6,,5.0,1.84,,1.54,0.5,2.0
Gun_MiniFlameblaster,barrel,9.0,2.6,,6.0,2.0,,3.0,0.5,2.0
Gun_BeamGraser,barrel,9.0,2.0,,10.0,2.44,,3.5,0.5,2.0
Gun_Incinerator,stock,9.0,2.0,,8.0,1.55,,2.755,0.5,2.0
Gun_Incinerator,barrel,9.0,2.0,,5.0,2.02,,1.63,0.5,2.0
