defName,layers,regime,preset,v_sharp,v_blunt,v_sema,v_mass,ce_sharp,ce_blunt,ce_bulk,ce_wornBulk,ce_mass,auto_sharp,auto_blunt,auto_bulk,auto_wornBulk,auto_mass
Apparel_ShieldBelt,Belt,mixed,,,,,3.0,,,4.0,2.0,3.0,,,,,
Apparel_SimpleHelmet,Overhead,stuff_to_stuff,LightHelmet,,,0.5,2.0,4.0,4.0,3.0,1.0,2.0,2.9999999999999996,4.799999999999999,4.0,1.0,1.0
Apparel_AdvancedHelmet,Overhead,mixed,Helmet,,,0.7,1.2,8.0,12.0,4.0,1.0,1.2,10.0,10.0,4.0,1.0,1.0
Apparel_PowerArmorHelmet,Overhead,direct,,1.06,0.45,,1.5,16.0,36.0,5.0,1.0,4.8,,,,,
Apparel_ArmorHelmetRecon,Overhead,direct,,0.92,0.4,,1.0,12.0,26.0,4.0,1.0,3.0,,,,,
Apparel_ClothMask,Overhead,stuff_to_stuff,,,,0.2,0.04,1.5,1.5,0.25,0.0,0.04,,,,,
Apparel_SmokepopBelt,Belt,mixed,,,,,3.0,,,3.0,1.0,3.0,,,,,
Apparel_FirefoampopPack,Belt,mixed,,,,,3.0,,,3.0,1.0,3.0,,,,,
Apparel_Parka,Shell,stuff_to_stuff,LeatherJacket,,,0.2,2.0,4.0,4.0,10.0,5.0,3.0,0.08,0.85,5.0,1.0,0.0
Apparel_Duster,Shell,stuff_to_stuff,,,,0.3,2.0,5.0,5.0,7.5,2.0,2.0,,,,,
Apparel_Jacket,Shell,stuff_to_stuff,LeatherJacket,,,0.3,1.7,5.0,5.0,5.0,1.0,1.7,0.288,0.85,5.0,1.0,0.0
Apparel_PlateArmor,Middle+Shell,stuff_to_stuff,,,,0.9,15.0,3.0,3.0,100.0,10.0,15.0,,,,,
Apparel_FlakVest,Middle,mixed,ArmorVest,1.0,0.36,,4.0,8.0,8.0,5.0,3.0,11.0,8.0,12.0,5.0,3.0,13.0
Apparel_FlakPants,OnSkin+Middle,direct,,0.55,0.08,,4.0,2.0,1.5,4.0,2.5,2.5,,,,,
Apparel_FlakJacket,Shell,direct,ArmorVestJacket,0.55,0.08,,7.0,2.0,1.5,5.0,2.5,4.0,5.5,1.5,5.0,5.0,4.0
Apparel_PowerArmor,Middle+Shell,direct,,1.06,0.45,,12.0,20.0,45.0,100.0,15.0,50.0,,,,,
Apparel_ArmorRecon,Middle+Shell,direct,,0.92,0.4,,9.0,16.0,34.0,80.0,12.0,30.0,,,,,
Apparel_Cape,Shell,stuff_to_stuff,,,,0.3,2.0,4.0,4.0,5.0,1.5,2.0,,,,,
Apparel_Robe,Shell,stuff_to_stuff,,,,0.2,0.75,4.0,4.0,5.0,2.0,0.75,,,,,
Apparel_PackJump,Belt,mixed,,,,,3.0,,,8.0,3.0,3.0,,,,,
Apparel_PackBroadshield,Belt,mixed,,,,,3.0,,,8.0,3.0,3.0,,,,,
Apparel_ArmorReconPrestige,Middle+Shell,direct,,0.92,0.4,,9.0,16.0,34.0,80.0,12.0,30.0,,,,,
Apparel_ArmorHelmetReconPrestige,Overhead,direct,,0.92,0.4,,1.0,12.0,26.0,4.0,1.0,3.0,,,,,
Apparel_ArmorMarinePrestige,Middle+Shell,direct,,1.06,0.45,,12.0,20.0,45.0,100.0,15.0,50.0,,,,,
Apparel_ArmorMarineHelmetPrestige,Overhead,direct,,1.06,0.45,,1.5,16.0,36.0,5.0,1.0,4.8,,,,,
Apparel_ArmorCataphract,Middle+Shell,direct,,1.2,0.5,,15.0,28.0,60.0,100.0,15.0,80.0,,,,,
Apparel_ArmorHelmetCataphract,Overhead,direct,,1.2,0.5,,2.0,22.0,50.0,6.0,1.0,6.6,,,,,
Apparel_ArmorCataphractPrestige,Middle+Shell,direct,,1.2,0.5,,15.0,28.0,60.0,100.0,15.0,80.0,,,,,
Apparel_ArmorHelmetCataphractPrestige,Overhead,direct,,1.2,0.5,,2.0,22.0,50.0,6.0,1.0,6.6,,,,,
Apparel_ArmorLocust,Middle+Shell,direct,,0.87,0.35,,9.0,15.0,32.0,85.0,15.0,30.0,,,,,
Apparel_ArmorMarineGrenadier,Middle+Shell,direct,,1.01,0.4,,12.0,18.0,41.0,100.0,15.0,50.0,,,,,
Apparel_ArmorCataphractPhoenix,Middle+Shell,direct,,1.15,0.45,,15.0,26.0,55.0,110.0,18.0,80.0,,,,,
Apparel_Gunlink,Overhead,direct,Hat,0.0,0.0,,1.0,0.01,0.01,4.0,1.0,3.0,0.0,0.0,1.0,1.0,1.0
Apparel_Burka,Shell,stuff_to_stuff,,,,0.2,1.0,4.0,4.0,6.0,2.5,1.0,,,,,
Apparel_KidRomper,OnSkin,stuff_to_stuff,,,,0.2,0.18,1.5,1.5,1.0,,0.18,,,,,
Apparel_KidShirt,OnSkin,stuff_to_stuff,SkinClothing,,,0.2,0.15,0.8,0.8,0.75,,0.15,0.13,0.28800000000000003,1.0,1.0,0.0
Apparel_KidPants,OnSkin,stuff_to_stuff,PantsClothing,,,0.2,0.25,0.8,0.8,0.75,,0.25,0.13,0.28800000000000003,1.0,1.0,0.0
Apparel_KidParka,Shell,stuff_to_stuff,LeatherJacket,,,0.2,1.0,3.0,3.0,5.0,2.5,1.0,0.08,0.85,5.0,1.0,0.0
Apparel_KidTribal,OnSkin,stuff_to_stuff,,,,0.2,0.5,2.0,2.0,0.75,,0.5,,,,,
Apparel_KidHelmet,Overhead,stuff_to_stuff,LightHelmet,,,0.5,1.0,2.5,2.5,3.0,0.75,1.0,2.9999999999999996,4.799999999999999,4.0,1.0,1.0
Apparel_AirwireHeadset,Overhead,mixed,Hat,,,,0.08,,,1.0,1.0,0.08,0.0,0.0,1.0,1.0,1.0
Apparel_ArrayHeadset,Overhead,mixed,Hat,,,,0.08,,,1.0,1.0,0.08,0.0,0.0,1.0,1.0,1.0
Apparel_IntegratorHeadset,Overhead,direct,Hat,0.0,0.0,,1.0,0.0,0.0,4.0,1.0,1.0,0.0,0.0,1.0,1.0,1.0
Apparel_ArmorHelmetMechCommander,Overhead,direct,,0.69,0.3,,1.0,8.0,16.0,4.0,1.0,3.0,,,,,
Apparel_ArmorHelmetMechlordHelmet,Overhead,direct,,0.92,0.4,,1.0,12.0,26.0,4.0,1.0,3.0,,,,,
Apparel_GasMask,Overhead,direct,,0.18,0.3,,0.4,0.01,0.01,3.0,1.0,0.5,,,,,
Apparel_HeavyShield,Middle,mixed,,,,,3.0,,,5.0,2.5,3.0,,,,,
Apparel_PackControl,Belt,mixed,,,,,3.0,,,10.0,2.0,3.0,,,,,
Apparel_PackBandwidth,Belt,mixed,,,,,3.0,,,10.0,2.0,3.0,,,,,
Apparel_PackTox,Belt,mixed,,,,,3.0,,,10.0,2.0,3.0,,,,,
Apparel_MechlordSuit,Middle+Shell,direct,,0.92,0.4,,12.0,16.0,34.0,90.0,13.0,40.0,,,,,
Apparel_Bandolier,Shell,stuff_to_stuff,,,,0.1,1.5,1.0,1.0,3.0,1.0,1.5,,,,,
Apparel_Sash,Middle,stuff_to_stuff,MiddleClothing,,,0.1,0.5,1.0,1.0,1.0,0.5,0.5,0.051000000000000004,0.097,1.0,1.0,0.0
Apparel_CultistMask,Overhead,stuff_to_stuff,,,,0.3,1.4,1.0,1.0,1.0,0.0,1.4,,,,,
Apparel_CeremonialCultistMask,Overhead,stuff_to_stuff,,,,0.4,0.1,2.0,2.0,1.0,0.0,0.1,,,,,
Apparel_DisruptorFlarePack,Belt,mixed,,,,,3.0,,,10.0,2.0,3.0,,,,,
Apparel_PackTurret,Belt,mixed,,,,,3.0,,,10.0,2.0,3.0,,,,,
Apparel_DeadlifePack,Belt,mixed,,,,,3.0,,,10.0,2.0,3.0,,,,,
Apparel_ShardPsychicShockLance,Belt,mixed,,,,,0.7,,,1.0,0.0,0.7,,,,,
Apparel_ShardPsychicInsanityLance,Belt,mixed,,,,,0.7,,,1.0,0.0,0.7,,,,,
Apparel_BiomutationLance,Belt,mixed,,,,,0.5,,,1.0,0.0,0.5,,,,,
Apparel_LabCoat,Shell,stuff_to_stuff,LeatherJacket,,,0.2,1.5,2.0,2.0,7.5,1.0,1.5,0.08,0.85,5.0,1.0,0.0
Apparel_VacsuitHelmet,Overhead,direct,,0.52,0.24,,1.5,3.5,7.0,4.0,1.0,1.5,,,,,
Apparel_PackHunter,Belt,mixed,,,,,3.0,,,8.0,3.0,3.0,,,,,
Apparel_CerebrexNode,Belt,mixed,,,,,5.0,,,10.0,5.0,5.0,,,,,
Apparel_Vacsuit,Middle+Shell,direct,,0.52,0.25,,12.0,3.5,7.0,80.0,12.0,12.0,,,,,
Apparel_VacsuitChildren,Middle+Shell,direct,,0.52,0.2,,8.0,2.65,5.25,40.0,6.0,8.0,,,,,
